hsa-let-7a-3p,7.36713,7.62953,6.40354,7.41222,8.46911,7.98417,7.53619,7.80495,7.62117,7.14604,7.31177,7.42286,7.94025,7.41783,7.56107,6.21046,7.84673,7.63278,7.86813,7.97948,8.28705,6.79594,8.06009
hsa-let-7a-5p,10.1119,10.6277,9.21209,10.4481,11.2591,10.9977,11.1135,10.9934,10.3925,10.1254,10.6542,10.388,10.6479,10.5742,10.4779,9.34441,10.5641,10.6179,10.6569,11.0411,11.0903,9.89999,11.2701
hsa-let-7b-3p,6.7944,6.87269,6.55986,6.53849,7.24706,7.12638,6.96865,7.02503,7.2326,6.59,6.85362,7.04432,6.72253,6.97932,7.14586,6.36067,7.00396,7.01871,7.23587,7.37074,7.24114,6.68508,7.45757
hsa-let-7b-5p,14.1397,14.3426,13.9744,14.2397,14.2568,14.1271,14.3797,14.3974,14.15,14.1986,14.2728,14.1896,14.0572,14.342,14.2579,14.0465,14.1336,14.2373,14.2115,14.2543,14.1395,14.0898,14.2946
hsa-let-7c,10.2786,10.8867,9.7394,10.6642,11.0498,10.5583,11.0088,11.1662,10.3215,10.4819,10.6981,10.3492,10.6244,10.7618,10.5352,9.76918,10.6921,10.7595,10.5475,10.6361,10.7183,10.3809,10.9108
hsa-let-7d-3p,9.86204,10.0225,9.52738,9.92913,10.1698,10.1235,9.7768,10.0944,10.439,9.62369,9.99662,9.89941,9.91081,10.123,10.0788,9.21616,10.1225,10.1022,10.1951,10.2818,10.3034,9.77962,10.5212
hsa-let-7d-5p,8.50621,8.89856,8.04081,8.69384,9.26494,9.3441,8.9871,9.23026,8.71987,8.71925,8.86803,8.76375,9.07018,8.90544,8.87514,7.92258,8.79124,8.96976,8.97428,9.1258,9.26842,8.49949,9.39217
hsa-let-7e-3p,5.36243,5.71009,5.10315,5.45148,6.07725,5.83105,5.09292,5.79439,5.76008,5.34923,5.72789,5.17926,5.61472,5.80366,5.50961,4.83391,5.81882,5.90538,5.62285,5.65521,5.79667,5.3504,6.0761
hsa-let-7e-5p,7.93089,8.37369,7.04617,8.12722,8.70412,8.18948,8.4522,8.68437,7.9514,7.66616,8.28285,7.79275,8.19757,8.26957,8.35427,7.12701,8.14485,8.37031,8.15342,8.46933,8.68037,7.56384,8.56998
hsa-let-7f-1-3p,4.87481,5.0839,3.90693,4.63356,5.41584,5.32833,5.13219,5.1552,5.44157,4.49167,4.65655,4.71351,5.22599,4.97337,5.47225,4.48052,5.0322,4.9721,5.2841,4.95712,5.4846,3.921,5.77202
hsa-let-7f-2-3p,5.46358,5.39412,4.79213,5.60326,6.13773,5.6582,6.0113,6.11968,5.25169,5.4118,5.57783,5.11803,6.33931,5.52377,5.7316,4.78798,5.74966,5.51258,5.98664,6.03521,6.16583,5.42064,5.61737
hsa-let-7f-5p,9.11415,9.60316,7.99445,9.40812,10.4075,10.1356,10.2201,9.86066,9.22784,9.11344,9.53857,9.35138,9.79637,9.33716,9.49785,8.18455,9.58577,9.58717,9.69417,10.0549,10.2643,8.85295,10.2123
hsa-let-7g-3p,3.76281,3.91057,3.94834,3.86017,3.42093,3.77375,3.95998,3.74439,3.6722,3.82411,3.56507,4.02462,4.13469,3.61546,4.32622,4.42748,3.69994,3.85636,3.89764,3.73501,3.75402,3.59174,3.51927
hsa-let-7g-5p,11.5942,11.8237,10.8674,11.6554,12.456,12.046,12.3409,11.9363,11.4499,11.4127,11.6717,11.547,12.0989,11.6902,11.8275,10.7397,11.8512,11.7391,11.973,12.1414,12.2074,11.2376,12.1913
hsa-let-7i-3p,7.97672,7.61012,7.9395,7.59181,7.67008,7.74072,7.79265,7.56862,7.77407,7.80507,7.60391,8.03329,7.90804,7.72483,7.88271,8.04938,7.78733,7.68927,7.69193,7.82391,7.64667,7.704,7.5307
hsa-let-7i-5p,14.809,15.0911,14.6179,15.0822,15.1211,14.8183,15.46,15.1931,14.5826,14.8904,14.8615,14.8257,15.1012,14.9086,14.8777,14.6927,14.9521,14.9217,14.762,14.8425,14.8551,14.8817,14.7676
hsa-miR-1,4.67865,5.3127,3.8624,4.65125,5.90728,5.22908,6.01376,5.26571,4.75562,4.03875,4.74392,4.33869,5.38757,4.86983,4.8522,3.96755,4.93396,5.04344,4.82957,5.02574,5.86363,4.00608,5.10918
hsa-miR-100-5p,15.3207,15.3162,15.3407,15.3868,15.1007,14.9714,15.3405,15.1226,15.1907,15.1914,15.1738,15.126,15.1756,15.3477,15.2755,15.2093,15.1641,15.0624,15.3,15.2024,15.1119,15.3763,15.1648
hsa-miR-101-3p,14.1307,14.2029,13.7135,14.1787,14.2351,14.0709,14.3531,14.0133,13.7973,13.8721,13.9485,14.0568,14.5787,13.8315,14.0501,14.0714,14.0113,13.9065,13.9003,14.119,14.0522,13.9221,13.7494
hsa-miR-103a-3p,9.56588,9.53163,9.59191,9.58472,9.59663,10.3645,9.52954,9.56501,9.67672,9.94429,9.57843,10.0223,9.78296,9.49533,9.62314,9.61616,9.56379,9.58228,9.53923,9.58925,9.81158,9.60788,9.68546
hsa-miR-105-3p,3.90243,4.45903,4.74782,4.21373,3.90909,3.54279,4.15694,3.80625,3.71951,4.11401,4.13831,3.6024,3.7745,4.17076,4.32141,4.04116,3.77224,4.09008,3.85967,3.46693,3.42309,4.07165,3.49035
hsa-miR-105-5p,9.48068,9.5462,9.47799,9.37453,9.1346,9.00181,9.25987,9.45758,9.34275,9.32077,9.48683,9.20774,9.13298,9.60111,9.30547,9.41487,9.2651,9.4957,9.33545,9.33618,9.25474,9.51622,9.36523
hsa-miR-106b-3p,6.22861,6.28067,6.40588,6.19661,5.82315,7.29097,6.6176,6.47536,6.24985,6.27794,6.25357,7.16389,6.28684,6.35914,6.08725,6.17103,6.06951,6.32664,6.1038,5.54332,6.24804,6.44764,6.34785
hsa-miR-106b-5p,3.91676,4.13901,3.85944,4.28213,4.35243,5.38436,4.36663,4.07621,2.94005,4.34091,4.30725,5.0349,4.50116,3.76258,3.95673,4.05685,4.18395,3.96859,3.56173,3.78568,4.01695,4.02084,3.93654
hsa-miR-107,8.1049,7.94972,8.12403,8.0743,8.13327,9.05063,8.05255,8.0562,8.21056,8.36637,8.0206,8.57486,8.3505,8.01959,8.18123,8.23259,8.10703,8.18982,8.06345,8.17429,8.42146,8.11124,8.23181
hsa-miR-10a-3p,4.37349,4.48542,4.07075,4.61696,4.64052,4.36138,4.51851,4.06253,4.2646,5.6854,3.97093,4.20871,4.24953,3.61384,3.95733,3.87346,4.11783,4.49795,4.21897,4.85769,5.21558,4.34943,4.39658
hsa-miR-10a-5p,8.95094,9.15825,8.53049,9.08751,9.33125,9.0274,9.35487,9.22218,9.27345,10.037,9.07028,8.9324,8.93476,9.20036,9.02158,8.6341,9.26201,9.1288,9.27663,9.31333,9.80442,8.92615,9.40985
hsa-miR-10b-3p,2.873,2.66269,3.04919,2.62402,2.4767,1.54188,2.49076,2.72338,2.92047,4.02217,2.67301,2.18868,2.13605,2.77619,2.29342,3.36416,2.56419,2.78643,2.80247,2.18082,3.08396,2.90902,2.90083
hsa-miR-10b-5p,9.10997,9.33235,8.65981,9.28357,9.54179,9.15272,9.71309,9.51757,9.26366,9.62539,9.34723,8.94821,9.16043,9.37178,9.19615,8.94891,9.30532,9.32369,9.40639,9.3879,10.3833,9.05744,9.56618
hsa-miR-1180,1.6004,2.13416,1.90828,1.47959,2.39131,5.85602,3.2362,1.50937,2.31409,4.0735,2.1468,4.68442,1.74138,1.63632,2.05094,4.01106,2.02202,2.96687,1.01506,0.612434,4.96218,0.160825,3.12962
hsa-miR-1197,5.50742,5.5238,4.78011,5.55207,6.31519,5.62603,6.33521,5.99076,5.6585,5.08545,5.48097,5.29857,5.83992,5.42955,5.7554,4.88034,5.77807,5.5665,5.75317,6.02541,6.24646,5.16138,5.94671
hsa-miR-1224-5p,11.7813,11.6608,12.3044,11.7433,11.1476,11.0416,11.519,11.2063,11.3588,11.9051,11.6546,11.6338,11.4421,11.6729,11.5624,12.2678,11.2971,11.5164,11.3864,11.2559,11.0336,12.0404,11.0622
hsa-miR-122-5p,9.27477,10.5376,9.60779,9.71509,9.56722,10.4085,10.0479,13.5401,9.71266,11.7836,12.9296,8.41626,12.7242,11.5214,11.1179,9.99691,9.44476,10.0713,9.91659,9.09776,12.0291,12.1317,11.1379
hsa-miR-124-3p,14.0101,13.9212,13.9815,13.8932,13.768,13.5966,13.9511,13.8767,13.8897,13.7551,13.7754,13.768,13.8285,13.8853,13.9345,13.9622,13.6852,13.9376,13.7679,13.9029,13.7348,13.9458,13.8662
hsa-miR-124-5p,6.3221,6.27369,6.80805,6.35876,6.10958,5.92591,6.21018,6.23654,6.0569,6.35291,6.22805,6.369,6.17045,6.22418,6.12148,6.74763,6.25771,6.12216,6.15071,6.17887,5.90784,6.55051,5.96232
hsa-miR-1246,6.02227,5.97139,6.48267,5.90521,5.1117,6.37827,8.75406,7.82058,6.27514,9.82676,5.50917,5.64818,6.19943,5.83857,7.37098,9.33804,5.32889,6.18124,7.15875,5.2309,10.4278,6.10645,5.51534
hsa-miR-1249,4.01672,4.51885,4.7639,5.148,4.43587,4.56644,4.76589,4.80663,4.7071,3.9819,4.47176,4.29003,4.63499,4.35338,4.82145,4.26073,4.5146,4.72657,4.15477,4.24721,4.78915,5.09998,4.19949
hsa-miR-1251,5.02707,4.16248,5.0192,4.63978,4.38318,4.24894,4.61131,3.91532,4.23541,4.77304,4.20981,4.81961,4.69433,4.45805,4.74102,5.0056,4.62863,4.39841,4.69665,4.30062,4.73101,4.85168,3.95968
hsa-miR-125a-3p,9.29154,9.10371,9.48541,9.08739,8.98546,8.82795,9.44711,9.12757,9.22023,9.52205,9.19541,9.2408,8.92376,9.1309,9.24019,9.61618,9.04291,9.17636,9.14447,9.11964,9.02878,9.3243,9.03303
hsa-miR-125a-5p,10.251,10.5814,9.89809,10.6051,10.7451,10.5951,9.54494,10.9046,10.597,10.2161,10.5672,10.1343,10.3044,10.7051,10.4998,9.9142,10.4675,10.5554,10.4833,10.2228,10.6382,10.3454,10.5503
hsa-miR-125b-1-3p,10.0086,10.1422,9.90111,9.97326,10.2728,9.82665,10.4586,10.1579,10.0241,10.1488,10.0537,10.0014,9.88193,10.1364,10.115,9.99371,10.1042,10.1652,10.2155,10.2891,10.1632,10.0005,10.323
hsa-miR-125b-2-3p,11.6631,11.5553,11.6605,11.4911,11.251,11.1046,11.7611,11.4513,11.3772,11.5989,11.4717,11.3706,11.414,11.5152,11.4844,11.6367,11.3988,11.3895,11.4267,11.3694,11.3697,11.5962,11.2967
hsa-miR-125b-5p,13.3862,13.3672,13.2669,13.458,13.2537,13.247,12.6295,13.4071,13.7073,13.1574,13.2754,13.12,13.0653,13.4866,13.3427,13.2118,13.2879,13.4593,13.2625,13.1837,13.2048,13.4485,13.3811
hsa-miR-1260b,2.2171,2.36472,2.20255,2.74696,2.4351,2.41829,2.10754,2.10989,2.19452,3.02729,2.45116,3.34933,2.19447,2.40034,2.58555,2.56259,1.49565,2.39131,2.34052,2.07147,3.16226,2.56179,2.82782
hsa-miR-126-3p,10.3244,10.5986,9.73777,10.4792,10.4543,10.5458,10.5476,10.8219,10.0798,10.7304,10.801,10.4954,10.4391,10.4262,10.3296,9.95585,10.4084,10.6715,10.4378,10.3946,10.7675,10.1798,10.7746
hsa-miR-1264,4.94845,4.87549,4.58398,4.99956,4.94921,4.55897,5.01767,5.02692,4.71454,4.63429,4.71151,4.77848,5.03734,4.81459,4.8097,4.51773,5.00263,4.72242,4.83644,5.11568,5.23436,4.70565,5.08636
hsa-miR-126-5p,10.072,10.0704,9.31447,10.0133,10.5613,10.2193,10.1793,10.4016,10.4029,9.79207,10.053,9.90348,10.2343,10.0825,10.1687,9.33941,10.1941,10.1913,10.3823,10.6621,10.6199,9.7577,10.7372
hsa-miR-127-3p,13.1314,13.0374,13.4306,13.0232,12.5354,12.4928,13.1721,12.8622,12.904,13.0938,12.9903,12.9245,12.7872,13.0067,12.9121,13.4238,12.7212,12.8956,12.7732,12.6803,12.4806,13.3187,12.5957
hsa-miR-127-5p,8.64395,8.49767,8.86955,8.47749,8.11811,7.80453,8.38761,8.12356,8.08618,8.63872,8.37566,8.28237,8.4474,8.37634,8.30862,8.7287,8.21037,8.23326,8.27594,7.993,8.09035,8.60249,7.84269
hsa-miR-128,15.7373,15.8618,15.3647,15.926,16.3316,15.9618,15.1613,16.1884,16.0529,15.6616,16.0595,15.5169,15.6338,16.0922,15.8164,15.1897,15.9069,16.0622,15.9311,15.8288,16.0526,15.6072,16.1663
hsa-miR-1290,2.25397,3.29522,2.32071,3.50357,1.80458,4.46918,6.70069,6.20246,4.00497,7.91189,2.60687,1.76071,4.31336,3.25495,4.82008,7.24819,2.15252,4.03517,4.78682,1.71784,7.87144,2.27813,2.94335
hsa-miR-1291,3.25309,3.11034,3.47206,2.89997,2.82216,2.75196,2.79187,2.76128,3.15054,3.76895,3.05887,3.1502,3.18256,3.39496,3.30652,3.20505,2.78799,2.83101,3.45792,3.26196,3.40115,3.84505,3.10984
hsa-miR-129-1-3p,7.37843,7.21891,7.24025,7.38609,7.19744,7.06957,7.31742,7.43555,7.59911,7.05902,7.1446,7.11406,7.16881,7.25731,7.39765,6.97326,7.21107,7.36468,7.37513,7.25387,7.36251,7.3757,7.47958
hsa-miR-129-2-3p,8.72366,8.62786,8.78118,8.68679,8.60816,8.46562,8.5627,8.69557,8.76047,8.6514,8.54826,8.61087,8.71525,8.63602,8.78214,8.68328,8.57533,8.68632,8.78244,8.6881,8.76185,8.93106,8.66215
hsa-miR-129-5p,15.8795,15.7365,16.1879,15.6468,15.339,15.1966,15.9254,15.4177,15.6056,15.9344,15.7461,15.7194,15.4784,15.723,15.6919,16.1552,15.6005,15.6043,15.5721,15.4601,15.3261,15.9555,15.29
hsa-miR-1296,7.61586,7.67185,7.50819,7.5965,7.90328,7.6264,7.83039,7.85188,7.9164,7.65588,7.5625,7.58158,7.61369,7.57916,7.79621,7.48562,7.80877,7.8054,7.80328,7.92139,7.97666,7.63452,7.92392
hsa-miR-1298,9.11801,9.07535,9.34422,9.08952,8.81147,8.64581,9.23928,8.99139,8.88385,9.15046,8.99327,8.96384,9.06713,8.96105,9.06101,8.99899,8.82073,8.83276,8.94495,8.76479,8.8372,9.14548,8.71657
hsa-miR-1306-3p,5.29686,5.08162,5.79214,5.14949,4.49668,4.72157,4.8235,5.05309,5.09984,5.32672,5.03541,4.93023,4.79448,5.05668,5.16217,5.42122,4.86643,4.72136,4.98513,4.41015,4.57853,5.2832,4.08376
hsa-miR-1306-5p,4.53067,4.45256,4.50667,4.1053,4.51704,4.54479,4.21013,4.76092,4.39906,4.37063,4.64383,4.46528,4.36865,4.56855,4.84296,4.52327,4.24624,4.40746,4.39744,4.3456,4.57293,4.15752,4.20386
hsa-miR-1307-3p,7.12937,6.97627,7.47956,6.94442,6.54517,6.90599,6.83409,6.88304,6.9516,7.77625,7.21501,7.38936,6.65156,6.96689,6.93848,7.30725,6.65223,7.02294,6.95146,6.5149,6.87486,7.26084,6.65735
hsa-miR-1307-5p,6.22572,6.11693,6.52113,6.06703,5.50319,5.61167,5.82562,5.84697,6.05195,6.3308,6.06063,6.02273,6.13578,5.78062,5.9682,6.59309,5.88286,5.55939,5.78178,5.80016,5.89866,6.29677,5.8157
hsa-miR-130a-3p,7.84637,7.57009,7.87798,7.79257,7.81766,7.78646,7.7767,7.6225,7.85841,7.96267,7.6671,7.94755,8.04941,7.74641,7.82233,7.92195,7.76298,7.85356,7.74307,7.82034,7.94536,7.82439,7.69905
hsa-miR-130b-3p,4.40785,3.71627,4.44963,4.46325,3.80095,4.62463,5.03018,3.95643,4.19448,5.41559,4.10802,4.27354,4.26699,3.85721,3.89306,5.30578,4.16999,4.36958,4.06457,4.17644,4.52995,4.31306,3.98097
hsa-miR-130b-5p,2.77435,2.60498,1.98942,2.44237,2.40816,2.20308,1.50903,2.45928,2.48393,2.57899,2.01427,3.11734,1.11997,3.04154,2.85429,1.78694,1.91185,2.44965,2.28401,2.34113,2.90986,2.62658,2.84095
hsa-miR-132-3p,10.7983,11.0791,10.5469,10.9532,11.1312,10.9379,11.1528,11.3659,11.2364,10.7883,10.9692,10.8672,11.0123,10.9909,11.1127,10.3614,10.9956,11.066,11.1315,11.1326,11.2184,11.023,11.2184
hsa-miR-132-5p,8.81693,8.79557,8.81462,8.90131,8.74791,8.49802,8.50208,8.71195,8.7501,8.59266,8.7544,8.62631,8.50051,8.82419,8.85012,8.69234,8.55749,8.84676,8.62251,8.52963,8.64559,8.88839,8.58608
hsa-miR-133a,6.12275,6.04425,6.15334,6.111,6.03052,5.71476,6.08113,6.17557,5.9734,6.25206,5.64363,6.21275,5.8753,5.89332,6.04843,6.16091,6.17078,6.17415,5.85781,5.87036,6.23949,6.2787,5.78726
hsa-miR-134,9.05077,8.75649,9.4827,8.85538,8.47042,8.46635,8.99833,8.57536,8.68753,9.38551,8.93585,9.02953,8.85901,8.72011,8.80724,9.27278,8.60238,8.6782,8.64083,8.52958,8.46346,9.32753,8.3762
hsa-miR-1343,6.1741,6.2511,6.12192,6.43498,6.2333,5.9952,5.39165,6.21638,6.05615,6.14084,6.48755,5.75256,5.80176,6.46307,6.0569,6.16234,6.11997,6.32327,5.96261,5.85479,5.9697,5.93645,5.97975
hsa-miR-135a-3p,2.92562,3.45574,1.46049,3.33826,2.67876,2.33109,3.17485,2.77571,2.73698,3.52399,2.63914,2.88642,3.17879,3.1466,2.43481,2.91905,2.60249,2.72248,3.27131,3.69112,2.80008,3.17902,2.53561
hsa-miR-135a-5p,3.41381,4.1285,2.77721,4.29131,4.3958,4.03741,4.24432,4.63494,3.92587,3.64188,4.56884,3.79886,4.57527,3.82445,4.03025,3.39033,4.23985,4.24189,4.11063,4.61849,4.97849,3.87592,4.54023
hsa-miR-135b-5p,3.02853,3.33848,3.08211,3.1588,4.12321,3.37981,3.89622,3.82501,4.16145,3.68598,3.36892,3.25915,3.79974,3.21999,3.7897,3.11976,3.27244,3.42209,3.71312,3.81786,3.94955,3.3804,4.04661
hsa-miR-136-3p,11.1726,11.0892,10.9231,11.0917,11.4694,10.985,11.6044,11.1485,11.0703,11.1058,11.0511,11.0374,11.4037,11.0044,11.092,10.6364,11.2146,11.17,11.2279,11.3897,11.4016,10.9906,11.2259
hsa-miR-136-5p,6.64808,6.33967,6.71162,6.52752,5.81619,5.65054,5.95887,6.03879,5.78549,6.30141,5.78771,6.13678,6.56196,6.26767,6.17338,6.68823,6.28124,6.23515,6.01891,5.82547,5.95939,6.44176,5.34562
hsa-miR-137,7.51778,7.51302,7.40613,7.61201,7.82912,7.43695,7.5506,7.50395,7.60029,7.68502,7.54526,7.50185,7.92317,7.38512,7.66676,7.17664,7.66585,7.63942,7.66248,7.63325,7.89245,7.5376,7.58473
hsa-miR-138-1-3p,5.05545,5.11171,5.45815,5.21884,4.94505,5.22792,5.48407,5.55387,4.92098,5.10238,5.27512,5.02467,4.86995,5.25879,5.20642,5.69016,4.85633,4.86073,5.12379,4.65638,5.24835,5.27762,5.10618
hsa-miR-138-2-3p,5.30528,5.87571,5.29187,5.59444,6.01981,6.07917,6.20268,6.00048,5.76789,5.77692,5.57454,5.62994,5.73775,5.82143,5.92815,5.34793,5.97037,5.93668,5.99004,5.59646,5.9565,5.67022,6.16977
hsa-miR-138-5p,8.96049,8.6178,9.28251,8.70148,8.27212,8.3432,8.17369,8.31823,8.49065,8.91665,8.4669,8.74432,8.95196,8.55421,8.78329,9.0008,8.46122,8.35383,8.38886,8.37252,8.4177,8.84858,8.07601
hsa-miR-139-3p,8.30491,8.26717,8.49405,8.23711,7.64049,7.56248,7.43157,7.95624,7.85529,8.25694,8.36752,7.94963,7.70333,8.25913,7.98164,8.63033,8.01744,8.10864,7.81445,7.62408,7.59584,8.36923,7.75547
hsa-miR-139-5p,9.98471,10.0368,9.59928,10.0104,10.3683,10.0364,9.92297,10.2567,10.0623,9.83037,10.0634,9.82048,9.97331,10.2006,10.0491,9.45232,10.0135,10.2219,10.1335,10.1407,10.2638,9.74254,10.3872
hsa-miR-140-3p,12.0533,12.0612,12.1553,11.951,11.8373,12.2134,12.1926,12.0402,11.7476,12.2873,12.0903,12.1909,12.0542,12.0089,11.9947,11.9717,11.8609,11.9598,11.9379,11.7221,11.8528,12.1059,11.8605
hsa-miR-140-5p,7.73409,8.03008,7.46846,8.14473,8.60781,8.13119,8.1863,8.39131,7.97833,8.23699,8.06068,8.05986,8.1909,8.0294,8.07148,7.12287,8.05175,8.3892,8.10108,8.21255,8.54951,7.8255,8.3234
hsa-miR-142-3p,3.93226,3.3745,3.14466,3.921,3.24936,4.28909,3.09781,3.77044,4.34646,5.39419,4.04676,4.02484,3.78203,3.51586,3.66131,3.62535,3.31354,3.74468,3.63892,3.241,3.95058,3.93232,4.15117
hsa-miR-142-5p,6.56234,6.82811,5.72892,6.63464,6.98868,8.57758,7.13355,6.78405,7.28159,6.52722,6.79265,7.53249,7.23626,6.33771,6.40578,6.53125,6.78986,7.07744,6.64299,6.66099,6.56098,6.11537,7.66881
hsa-miR-143-3p,13.3104,13.6518,13.1108,13.5954,13.8785,13.1429,13.7466,13.6332,12.7883,13.3699,13.5173,13.1734,13.4568,13.4734,13.508,12.8167,13.2891,13.5088,13.3433,13.228,13.5051,13.4418,13.2134
hsa-miR-143-5p,4.94739,4.94417,4.94708,4.52601,4.70445,4.45394,4.5496,4.69513,4.80122,4.57565,4.75574,4.35183,4.49162,4.80219,5.06997,4.80887,4.57619,4.35939,4.49658,4.50005,4.59099,5.05738,4.24917
hsa-miR-144-3p,5.72454,5.06879,4.65837,5.10533,5.72277,8.49853,5.11674,5.37082,5.37447,5.25332,6.22372,7.92088,6.16729,4.9508,5.73524,5.59913,5.85568,5.91112,4.76044,5.33051,4.91323,4.50511,6.37109
hsa-miR-144-5p,3.08792,1.63298,1.50954,2.06845,3.55947,4.09815,2.88864,3.25085,3.57609,3.35029,2.9693,3.93052,2.86572,3.1981,3.61689,2.9063,3.325,2.87871,2.42787,3.77713,3.68001,2.27697,3.60928
hsa-miR-145-3p,8.26329,8.35804,8.00632,8.25699,8.60622,8.05013,8.35788,8.33636,8.22403,8.1958,8.28168,8.05952,8.52235,8.23518,8.33403,7.94124,8.21472,8.31405,8.30701,8.3548,8.45688,8.08931,8.29012
hsa-miR-145-5p,7.28587,7.10277,7.31408,7.23876,7.15856,7.00062,7.28219,7.28072,7.41262,7.28033,7.16245,7.26842,7.30012,7.03201,7.35571,7.27262,7.18214,7.35812,7.13472,7.13372,7.12479,7.58782,6.95585
hsa-miR-146a-5p,10.5823,10.5628,10.643,10.6089,10.3717,10.3432,10.7186,10.514,10.4513,10.8394,10.5144,10.5715,10.6393,10.5129,10.5289,10.4365,10.3149,10.4928,10.5501,10.5643,10.6184,10.6772,10.5529
hsa-miR-146b-5p,6.28455,6.50963,5.77052,6.38175,6.33167,6.42827,6.44309,7.00842,6.31778,7.03231,6.65835,6.17776,6.61232,6.44735,6.24801,5.9693,6.11006,6.61495,5.85804,5.71348,6.85095,6.43559,6.69609
hsa-miR-148a-3p,12.8224,13.0951,12.3989,13.1842,13.7391,13.3758,14.0173,13.437,13.203,12.8224,13.2178,13.0055,13.377,13.1459,13.1653,12.5727,13.0017,13.2931,13.3127,13.4706,13.6211,12.9205,13.5431
hsa-miR-148a-5p,3.60069,3.90664,4.11708,3.6601,3.20148,3.46596,3.95654,3.69215,3.49372,4.22598,3.98519,2.87449,3.63614,3.69695,3.10523,4.77845,3.30306,3.29995,3.67229,2.69544,4.22383,4.11909,3.26803
hsa-miR-148b-3p,10.688,10.8423,10.3106,10.8542,11.2577,11.0855,11.7173,10.9556,10.7533,10.4654,10.8878,10.8116,11.0756,10.8152,10.8838,10.431,10.8019,10.9283,10.9577,11.1707,11.0598,10.648,11.0387
hsa-miR-148b-5p,2.67251,2.62833,2.42985,2.77626,2.70417,2.33551,2.82234,2.02043,1.94268,1.34158,2.80411,1.96658,3.14207,2.49279,2.74244,2.56601,2.40352,3.11858,2.91482,3.10459,2.66982,2.17409,2.88719
hsa-miR-149-5p,5.34563,5.61081,5.5568,5.7186,5.39293,5.14603,5.02718,5.31942,5.58529,5.5985,5.65469,5.51484,5.68982,5.6921,5.52561,5.7224,5.40455,5.74715,5.33741,4.76369,5.46216,5.64543,5.61369
hsa-miR-150-5p,4.66873,4.87289,4.28689,4.68536,4.50183,4.27131,4.44236,5.06903,5.70202,4.44463,4.78989,4.86655,5.07953,4.88639,4.64497,4.45055,4.77181,4.8181,4.44063,4.6659,4.66405,4.54573,4.68563
hsa-miR-151a-3p,12.3375,12.5324,12.2357,12.4308,12.2779,11.9901,13.0496,12.3611,11.9113,12.2875,12.3873,12.1351,12.0636,12.4524,12.2511,12.4777,12.134,12.383,12.1583,12.1567,12.096,12.4511,12.1652
hsa-miR-151a-5p,4.87304,4.77822,4.88246,5.05371,4.92018,4.96982,4.75224,4.96009,4.77927,4.64295,4.65716,4.91541,4.6027,4.89137,4.90072,4.49727,4.84581,4.67185,4.90868,4.72152,5.04613,4.79161,4.87047
hsa-miR-151b,3.2719,3.15394,3.63895,3.46697,3.16992,3.54654,3.22106,3.02582,3.28841,3.34728,3.70355,3.16299,3.20317,3.12664,3.49851,3.57507,3.13796,3.35455,3.3475,3.22098,3.31845,3.41796,3.27008
hsa-miR-152,8.62806,8.56245,8.78658,8.65013,8.35122,8.27799,9.01127,8.38017,8.26414,8.63602,8.54043,8.60241,8.70431,8.31379,8.51145,9.10861,8.29687,8.41484,8.32098,8.36721,8.22952,8.68515,8.19266
hsa-miR-153,4.53911,4.13492,3.41843,4.12388,4.75877,4.24961,4.46972,4.61153,4.10345,3.44062,4.18883,4.04264,4.84238,4.16805,4.0732,3.90992,4.53493,4.38341,4.40475,4.35668,4.41376,4.37531,4.11741
hsa-miR-154-3p,4.05418,4.56417,3.2098,4.22175,4.30002,4.33802,4.02598,4.66646,4.53902,3.86697,3.89656,3.62265,4.27735,4.5528,4.51438,3.50697,4.15371,4.58439,4.52224,4.39256,4.40204,3.86212,4.90146
hsa-miR-154-5p,6.62088,6.51056,6.6076,6.34364,6.54613,6.55532,6.89044,6.95555,6.97188,6.71168,6.5699,6.8041,6.78845,6.42258,6.82941,6.57757,6.68887,6.78144,6.78745,6.85979,6.89781,6.75425,6.97071
hsa-miR-155-5p,4.61394,5.19854,4.18134,4.59558,5.10599,4.69533,5.4165,5.42809,5.0854,5.12608,5.01208,4.85677,5.01064,4.95692,4.98387,4.04222,4.92571,5.11448,5.36461,5.29343,5.60736,4.9679,5.35041
hsa-miR-15a-5p,4.6651,4.92368,4.67206,5.10835,5.03905,6.56123,5.23526,4.85394,5.16561,4.89507,4.83909,6.13261,5.07609,4.78835,4.74706,5.08101,5.1186,5.28809,4.67234,5.11865,5.15262,4.77788,5.36904
hsa-miR-15b-3p,2.85495,3.35154,3.1932,3.22696,4.37329,6.04752,3.66842,3.89357,3.51104,3.61899,3.68379,5.49162,3.74141,3.04012,3.14764,3.14178,3.59878,3.6362,3.5242,3.78495,4.11401,3.28178,4.67569
hsa-miR-15b-5p,3.17272,3.58661,2.99161,3.23462,4.32879,6.40571,3.58163,3.58801,3.92097,3.03115,3.13244,5.47797,3.99186,2.52096,3.80966,2.07786,3.49013,4.03717,3.48392,3.85464,3.67677,2.82168,5.02665
hsa-miR-16-2-3p,4.52917,4.60041,3.56573,4.2133,5.20667,8.95583,4.27577,5.3429,5.6736,4.35488,5.81479,8.27746,5.43293,4.25985,3.78852,3.13654,5.67919,6.00833,3.95536,4.34545,5.22366,3.78704,6.87322
hsa-miR-16-5p,10.4845,10.6858,10.1539,10.6611,10.7467,11.0871,10.5129,11.0083,10.6697,10.3829,10.5288,10.8441,10.7547,10.5969,10.6653,10.223,10.6372,10.7204,10.642,10.704,10.8466,10.446,10.8426
hsa-miR-17-5p,4.47347,4.5393,4.39383,4.5272,4.61567,6.05755,4.51666,5.2497,4.53355,5.53188,5.3108,6.1617,4.94775,4.49443,5.24626,4.60674,4.41104,5.09402,4.3898,3.92135,4.6839,4.32374,4.96736
hsa-miR-181a-2-3p,5.85153,5.76382,5.6129,5.81982,5.79231,6.06318,5.58048,5.77447,6.01978,5.76325,5.56043,5.73183,5.81498,6.14604,5.62981,5.84531,5.73897,6.13043,5.84305,5.78952,5.76304,5.68818,5.93667
hsa-miR-181a-3p,7.7156,7.45668,7.85498,7.55825,7.25691,7.11015,7.1971,7.31406,7.49066,7.58421,7.37387,7.44426,7.43885,7.61214,7.48095,7.8823,7.3092,7.42773,7.38186,7.28873,7.02149,7.69151,7.2334
hsa-miR-181a-5p,15.483,15.4083,15.5521,15.3851,14.9661,15.0034,15.0269,15.186,15.4425,15.306,15.284,15.2954,15.2476,15.4439,15.4319,15.5029,15.1434,15.2246,15.2679,15.2322,15.1088,15.4226,15.1167
hsa-miR-181b-3p,4.62922,4.09084,4.51523,4.53293,4.50298,4.0321,4.5268,4.30194,4.07749,4.36722,4.15563,3.97001,4.82146,3.96248,4.03824,4.92073,4.19571,4.01307,4.22002,4.50089,4.32288,3.7763,4.64576
hsa-miR-181b-5p,15.2761,15.1643,15.1926,15.1192,15.0614,14.9207,15.0661,15.0081,15.2934,15.1228,15.1325,15.1566,15.2188,15.198,15.2404,15.1951,15.0308,15.0227,15.2518,15.3538,15.1286,15.0562,15.195
hsa-miR-181c-3p,7.24879,7.38148,7.43259,7.26241,6.71193,6.41181,7.11524,7.25696,6.7803,7.14847,7.01998,6.8771,7.00615,7.05275,6.83656,7.28028,6.77783,6.75587,6.91947,6.66258,6.44616,7.17268,6.73804
hsa-miR-181c-5p,6.91025,6.85703,6.77802,6.71704,6.22541,6.34982,6.17218,6.55344,6.66316,6.78059,6.55305,6.67648,6.69745,6.56927,6.71508,6.55234,6.60048,6.75179,6.58956,6.34996,6.50347,6.89882,6.29494
hsa-miR-181d,11.1595,11.0404,11.1011,11.0261,10.8966,10.6494,11.1447,10.8487,10.8858,11.0198,10.99,10.9737,11.2055,10.9514,11.0678,11.1889,10.8054,10.8039,10.9905,11.0566,10.8988,11.0377,10.7309
hsa-miR-182-5p,4.50964,3.78497,3.24147,4.34773,4.46032,6.86488,5.10257,4.07272,4.59483,4.75928,4.54023,5.75778,5.04766,3.739,4.77057,4.65996,4.39292,4.55613,4.52838,4.99026,6.32183,3.99393,5.04495
hsa-miR-183-5p,4.07382,4.23723,3.74955,4.43887,4.717,6.50836,4.95478,4.66668,4.03206,5.32041,4.65028,5.61704,4.70245,4.08483,4.54954,4.29442,4.45065,4.50755,4.59885,4.03873,5.9157,3.64826,5.02644
hsa-miR-184,2.62435,2.32128,4.1959,4.21699,2.93607,3.08553,3.61364,3.1185,2.54358,4.33391,2.70041,3.26355,3.70698,3.29285,4.35217,2.89335,2.55627,3.21865,3.13199,3.3639,5.33044,3.2095,2.58098
hsa-miR-185-3p,6.63186,6.71749,6.99036,6.68798,6.26403,6.38345,6.69636,6.6387,6.39418,6.71554,6.64091,6.68057,6.56467,6.80611,6.4982,6.98429,6.61808,6.41706,6.362,6.29474,6.42911,6.79612,6.35098
hsa-miR-185-5p,10.7399,10.7469,10.8061,10.6477,10.3957,10.8869,10.4972,10.5904,10.3075,10.8475,10.723,10.8987,10.8083,10.6562,10.6488,10.7468,10.3474,10.4305,10.4191,10.1692,10.5093,10.7531,10.2064
hsa-miR-186-5p,9.3556,9.60338,9.37524,9.58398,9.15977,9.24978,9.32817,9.66583,9.08125,9.55814,9.43639,9.36847,9.21127,9.43499,9.36897,9.60166,9.35783,9.36395,9.0355,8.75224,9.13501,9.49311,8.88583
hsa-miR-187-3p,5.64058,5.74454,5.86499,5.35034,5.48612,5.40908,5.46751,5.55079,5.16029,5.81065,5.65604,5.46796,5.7436,5.66982,5.56167,5.78301,5.30883,5.26551,5.54766,5.01929,5.34598,6.00312,5.20872
hsa-miR-187-5p,3.74555,3.61452,3.47045,3.59668,3.28444,2.94378,3.29267,3.53874,3.99585,3.23557,3.57522,3.53332,3.54531,3.68707,3.88113,3.78646,3.77144,3.05602,3.75917,2.90655,3.45691,3.50447,3.56891
hsa-miR-188-5p,5.76571,5.65933,5.84507,5.54891,5.36951,5.39742,5.67195,5.67042,5.68422,5.56779,5.27328,5.90235,5.90768,5.6788,5.84861,5.88248,5.635,5.75228,5.67412,5.71232,5.87881,5.55025,5.30636
hsa-miR-190b,4.50876,4.56104,4.22003,4.79392,5.0233,4.49244,5.0741,4.84051,4.00772,4.68027,4.63415,4.60146,4.3645,4.46917,4.81906,4.0144,4.81209,4.28717,4.57,4.56333,4.8203,4.59251,4.85106
hsa-miR-1911-3p,3.17884,3.23261,3.65113,2.91025,2.56118,2.97851,3.07117,3.13242,2.31431,2.92274,3.56401,2.6319,2.77894,2.79592,2.87199,2.93807,2.54628,2.54334,2.35799,2.63962,2.50752,3.04506,2.72489
hsa-miR-1911-5p,3.56143,3.07902,1.92178,3.16906,3.17346,2.54599,3.47164,3.47006,3.33642,2.52379,2.41893,3.14934,3.07489,3.4121,2.916,3.04335,2.22026,3.11529,2.67691,2.9518,3.3063,2.36046,3.15448
hsa-miR-1912,2.46621,3.07823,2.60111,3.19855,2.81497,2.54702,3.15607,2.43887,3.08797,2.30983,2.97957,2.6538,2.51976,2.70384,2.60141,2.92763,2.41326,3.01084,2.98428,2.77763,2.73492,3.34157,3.29121
hsa-miR-191-3p,6.28428,6.03994,6.38262,6.21273,5.96261,5.74011,5.67165,6.12508,5.84099,6.28896,6.20074,5.95619,5.60914,6.24468,6.23281,5.95508,6.22494,6.1976,5.84348,5.69788,6.10135,5.97787,5.71785
hsa-miR-191-5p,9.89489,10.0799,9.94271,9.98368,9.92037,10.216,10.0717,10.2274,10.0508,10.4477,10.1644,10.2011,9.99732,9.99082,9.94838,9.95047,9.93815,10.1043,9.97113,9.83415,10.1861,10.1187,10.1784
hsa-miR-192-5p,7.53749,7.67132,7.16664,7.0827,7.92216,8.67205,7.48561,9.32752,7.09844,8.75858,8.70642,7.8312,8.91665,7.64183,7.61644,7.41037,7.16066,7.47561,7.24763,7.15473,8.29954,7.82944,7.8705
hsa-miR-193a-5p,5.47965,5.65202,5.82653,5.36953,4.85642,5.56039,5.31714,5.9272,5.80271,6.16114,5.7801,5.42819,5.81509,5.6637,5.69883,7.2011,4.93922,5.47932,5.23417,4.73797,5.82877,6.07742,5.09025
hsa-miR-193b-3p,5.64335,5.40603,5.50847,5.32616,4.73938,4.86977,5.3712,5.07588,4.93214,5.0378,5.21516,5.13784,5.10878,4.89799,5.24607,4.63169,5.11462,4.67408,5.22391,5.08011,5.01906,5.4285,4.93696
hsa-miR-193b-5p,4.81836,4.40459,5.14283,4.37076,3.70685,3.82066,3.89772,4.22731,4.75472,4.75169,4.45243,4.56849,4.42566,4.11813,4.6559,5.01617,4.40631,4.13399,3.39856,4.45711,4.23693,4.63842,4.04099
hsa-miR-194-5p,4.73513,5.17176,4.79834,5.04012,5.23928,6.43206,5.46654,6.11428,4.9797,5.50723,5.8803,5.5507,5.62981,5.26375,5.19967,4.94973,4.93863,5.47702,5.20189,5.12316,5.45198,5.15272,5.60204
hsa-miR-195-3p,4.93198,5.44812,4.88027,4.82927,5.42408,5.0723,5.67585,5.44754,4.50225,4.79313,5.31887,4.84936,4.81006,5.18595,5.28092,5.24114,5.319,5.28669,5.27561,5.34355,5.49942,4.8287,5.22592
hsa-miR-195-5p,6.17544,6.54061,5.37502,6.5733,6.94499,6.30347,6.55729,6.70399,6.0996,5.85188,6.33576,6.29442,6.49522,6.30811,6.69441,5.6869,6.24085,6.51022,6.43276,6.48218,6.81287,5.88921,6.55626
hsa-miR-197-3p,3.28538,3.4375,2.60649,3.27326,3.5606,3.80977,3.04503,3.79487,3.25294,3.29853,3.93379,3.30401,3.5254,3.30807,3.07664,3.91827,2.7684,3.21783,3.25742,3.7581,4.12092,2.99707,3.78551
hsa-miR-199a-3p,7.82084,7.94299,7.44494,7.95357,8.14286,7.88548,8.06816,7.98191,7.90958,7.63777,7.7333,7.72484,8.17184,7.8366,7.8327,8.04923,7.84821,7.81,7.97018,8.21441,8.17791,7.79627,8.02474
hsa-miR-199a-5p,5.50595,5.70392,5.16751,5.95609,5.38872,5.44301,5.46281,5.70649,5.19932,6.19124,5.60965,5.5797,5.28135,5.46391,5.20857,5.10004,5.32067,5.5163,5.40899,5.46422,5.50907,5.48788,6.06973
hsa-miR-199b-3p,6.82373,6.94725,6.45105,6.96057,7.14707,6.89087,7.07213,6.98387,6.91327,6.6467,6.73921,6.73079,7.17777,6.84192,6.83535,7.05102,6.85647,6.81592,6.97056,7.22036,7.18418,6.80456,7.03147
hsa-miR-199b-5p,4.27296,4.75271,3.93993,4.40166,4.34691,4.52071,4.10024,4.84369,4.38158,4.15328,4.22351,4.01186,4.59541,4.36898,4.30107,3.43292,4.2651,4.19807,3.91954,4.39031,4.28579,4.03186,4.64583
hsa-miR-19a-3p,4.58547,4.59806,4.29164,4.58654,4.86196,6.07821,4.49826,4.41421,4.85149,4.6503,4.44699,5.50684,5.00733,4.48034,4.46882,4.51203,4.53306,4.90879,4.52263,4.4519,5.08167,4.50576,4.79652
hsa-miR-19b-3p,7.36678,7.33478,7.23755,7.31649,7.35208,8.23049,7.58256,7.68252,7.12484,7.73132,7.32267,8.02404,7.76651,7.19447,7.43547,7.32929,7.32861,7.58581,7.23544,6.95042,7.63577,7.46659,7.20617
hsa-miR-200a-3p,8.36821,8.55522,7.98375,8.46796,8.5545,7.90282,8.61958,8.72527,8.15917,8.68001,8.29031,8.16956,8.35579,8.37374,8.30654,8.17592,8.36952,8.46614,8.38458,8.54558,8.84403,8.19157,8.57219
hsa-miR-200b-3p,2.31765,3.64985,1.96173,3.37894,3.01412,3.00151,3.63356,4.26756,3.11399,4.90144,3.23137,2.6947,3.35273,3.01534,3.0046,4.46069,1.70355,2.72069,3.3223,3.21423,4.46302,3.40016,3.19617
hsa-miR-200c-3p,1.83636,2.91303,2.15465,2.46037,2.72823,3.04645,2.56704,3.5192,2.6805,3.82118,3.10018,2.84361,2.45291,2.50565,2.52741,4.2225,1.87545,3.73222,2.80913,2.40368,4.17834,2.325,3.25089
hsa-miR-203a,5.42462,5.66148,5.25935,5.30989,5.52989,5.41259,5.68787,5.57013,4.82096,5.54583,5.49988,5.11262,5.36536,5.36529,5.14288,5.15773,5.2698,5.57588,5.81494,5.85006,5.54006,5.16797,5.5621
hsa-miR-204-3p,9.37688,9.05415,9.78719,9.06287,8.64702,8.82949,9.1256,8.71668,9.2122,9.45352,9.14142,9.20248,8.96321,9.1565,9.19875,9.65157,8.99931,9.15211,9.07681,8.91994,8.77275,9.39781,8.88067
hsa-miR-204-5p,6.2377,6.76852,5.68201,6.47835,6.7143,6.47566,6.34966,7.20127,6.40823,6.05541,6.44877,6.2478,6.24713,6.71216,6.37123,6.14969,6.70421,6.61585,6.39618,6.36929,6.73262,6.65368,6.70329
hsa-miR-206,9.3221,9.7192,9.184,9.56756,9.29206,8.81963,9.43971,9.40983,8.73623,9.53201,9.35882,9.21579,9.22816,9.66894,9.38569,9.025,9.31649,9.47183,9.3046,9.27259,9.1167,9.36128,9.12621
hsa-miR-20a-5p,6.14904,6.53144,5.51614,6.42996,7.438,8.66237,6.54181,7.28573,6.40654,6.69642,6.97927,7.88832,6.99302,6.4672,6.71699,5.27981,6.88312,6.82833,6.76527,6.75896,7.43399,5.74252,7.39075
hsa-miR-20b-5p,3.20026,2.94248,3.36345,2.72438,3.71131,5.57119,3.17406,4.01172,3.33761,3.7648,4.04325,5.42158,3.95956,3.43156,3.45776,2.72666,3.37058,3.68068,3.55521,3.33536,4.02253,2.6863,4.24745
hsa-miR-210,6.53954,6.1893,6.91849,6.076,5.76725,6.52711,6.20329,6.25966,6.09234,6.70013,6.34214,6.28049,6.36182,6.20877,6.18003,6.77814,6.11087,6.04953,5.90069,5.86579,6.44442,6.68324,5.92935
hsa-miR-2113,4.63884,4.8577,4.93787,4.41601,4.5283,4.22195,5.21039,4.65626,4.25754,4.77428,4.78585,4.78385,4.2975,4.84371,4.34389,4.98497,4.67674,4.45211,4.89856,4.3897,4.80749,4.81382,4.43307
hsa-miR-212-3p,6.58953,6.84271,6.30918,6.60675,7.06699,6.86945,6.84975,7.48266,6.86268,6.74941,6.49826,6.67224,6.73082,6.77959,6.71388,6.4968,6.95503,6.8665,7.01065,6.76451,7.1582,6.887,7.24231
hsa-miR-212-5p,7.09152,7.25495,7.12544,7.18841,7.16792,6.82712,6.93319,7.38792,6.99101,7.15843,7.21951,6.805,6.94678,7.23941,7.09759,6.4821,7.08981,7.19995,7.09222,7.06255,7.16744,7.03351,7.17015
hsa-miR-21-3p,3.09443,3.27269,2.89008,3.37503,3.01203,3.88067,3.64561,3.83874,3.777,4.44595,3.0016,4.0355,3.3062,3.02761,3.13513,5.10097,3.07049,3.05999,3.23504,1.95165,3.89713,3.77766,3.27278
hsa-miR-214-3p,2.29177,2.52888,1.91447,2.41087,2.9367,2.065,1.93448,2.34186,2.53726,2.14057,2.38833,2.53217,3.02599,1.85733,3.47352,2.61826,2.9274,2.92247,2.71317,2.60452,2.11833,2.23432,2.67597
hsa-miR-215,3.55792,3.73629,2.20408,2.4557,4.06379,2.66025,2.85224,3.54681,2.43192,2.70846,3.82417,2.85686,4.7147,2.21556,3.24523,3.77831,1.70357,3.28659,2.5503,2.78527,2.92507,2.98966,3.33396
hsa-miR-21-5p,14.1966,14.256,13.7757,14.2517,14.4123,14.3361,14.3955,14.3599,14.1696,14.1855,14.1826,14.2786,14.5553,14.1153,14.299,14.1862,14.1073,14.2501,14.3252,14.5422,14.5226,14.1017,14.3434
hsa-miR-216a-5p,3.00827,3.57607,3.25415,3.46786,2.83781,3.15672,2.03886,3.60539,2.76668,3.48935,3.2771,1.74794,3.17879,3.04455,2.98689,3.63855,2.94381,3.23555,3.33294,3.1934,5.69279,3.12403,2.63116
hsa-miR-216b,4.90592,4.92096,4.54146,4.83588,4.63434,4.25236,4.34683,4.49477,4.4721,4.44801,4.87748,4.22764,4.50006,4.53001,4.82871,4.40846,4.65326,4.91552,4.37462,4.49091,6.48951,4.59715,4.53952
hsa-miR-217,5.29286,4.94048,4.41562,4.74734,4.70825,4.97066,5.07076,4.88101,4.60368,5.28579,4.95956,4.95032,4.94637,4.93139,5.20446,4.94537,4.87538,5.08804,4.69906,5.12618,8.05691,5.04373,4.83515
hsa-miR-218-5p,11.4822,11.6268,11.0922,11.5089,12.1064,11.5179,12.1488,11.889,11.1797,11.4323,11.4568,11.4188,11.9532,11.4992,11.6375,11.0682,11.4806,11.6156,11.6981,11.7825,11.8993,11.4205,11.711
hsa-miR-219-2-3p,12.7755,12.5854,13.0626,12.5524,12.2911,12.1021,12.5318,12.2293,12.1472,12.8635,12.5889,12.4149,12.5187,12.4993,12.4875,12.8137,12.3633,12.371,12.3276,12.0201,12.1481,12.7674,11.9892
hsa-miR-219-5p,8.1201,7.76548,7.93076,7.80893,7.50073,7.53771,7.149,7.48266,7.23959,7.66112,7.57773,7.56928,8.27001,7.55077,7.79387,8.11882,7.64275,7.54849,7.49935,7.46611,7.65203,7.85566,6.86737
hsa-miR-221-3p,12.1522,12.1792,12.1808,12.1832,12.012,11.9135,12.3176,12.2582,12.2655,12.0686,12.0373,12.1,12.1054,12.2097,12.2292,12.0717,12.0978,12.1846,12.0944,12.1338,12.1759,12.2253,12.0827
hsa-miR-221-5p,5.55214,5.94261,5.5114,5.98717,6.11257,5.66851,5.71317,6.02699,5.48259,5.6056,5.93249,5.46613,5.91296,5.85245,6.04471,5.11229,5.91197,5.6621,5.6424,5.53271,5.86823,5.776,5.86748
hsa-miR-222-3p,11.0317,11.1931,10.8373,11.0472,11.052,10.9757,11.1048,11.2251,11.2448,10.9939,11.179,11.0009,10.9557,11.1854,11.1404,10.8618,11.1833,11.2306,11.2381,11.2104,11.2425,10.9695,11.2579
hsa-miR-223-3p,4.40054,5.32763,3.74587,5.16591,4.81453,6.00457,5.03813,5.37689,5.91983,6.20564,4.60812,4.88303,5.5113,4.26387,4.78283,4.43564,4.53913,5.65819,4.88113,4.32852,4.65166,4.29312,6.08769
hsa-miR-223-5p,4.29282,5.71583,4.35867,5.58516,5.65355,5.33341,6.16967,4.67577,6.73847,5.08118,4.92769,4.98402,6.13851,4.75409,4.59682,5.17416,4.2131,5.33956,5.32924,4.98214,4.67307,4.51949,6.58754
hsa-miR-22-3p,15.8242,15.4842,16.1744,15.6404,15.1803,15.3293,15.3907,15.231,15.6197,15.9035,15.5684,15.7706,15.6138,15.517,15.6374,16.1698,15.4661,15.5428,15.4482,15.3726,15.3314,15.8936,15.0825
hsa-miR-224-5p,3.34595,3.36416,3.09634,3.38837,2.91219,3.3393,2.44768,4.22181,2.53111,3.90028,3.13363,2.37548,2.08316,3.18021,2.89934,3.8837,2.94017,3.03082,3.01772,2.76708,3.74084,2.29385,3.85284
hsa-miR-22-5p,8.24606,7.94978,8.25909,8.21437,8.29261,8.22163,8.44775,8.00224,8.16685,8.10623,8.02869,8.20178,8.48054,8.02596,8.3615,8.22783,8.06184,8.13815,8.2625,8.29349,8.253,8.07195,8.17166
hsa-miR-23a-3p,10.3101,10.482,9.87278,10.3651,10.8509,10.6078,10.925,10.5991,10.7331,10.453,10.4316,10.3486,10.4824,10.4729,10.5209,9.94572,10.4621,10.5997,10.7373,10.8506,10.934,10.1993,11.2082
hsa-miR-23b-3p,8.28206,8.43051,7.81162,8.33684,8.86396,8.6683,9.24945,8.82247,8.36214,8.36574,8.34988,8.33162,8.43652,8.41362,8.47315,7.8536,8.27187,8.41584,8.71506,8.77525,8.95284,8.22679,9.17669
hsa-miR-23b-5p,4.98849,4.89224,5.06569,4.97988,4.96574,4.76677,4.22196,5.03077,5.12449,5.10373,4.7425,5.00631,4.87228,5.24064,4.6876,5.1365,4.7385,4.8378,4.87777,4.98392,4.55003,4.98031,5.01105
hsa-miR-24-1-5p,4.26812,4.74999,4.06101,4.50099,5.34855,4.88048,4.64351,4.9481,4.68413,4.02081,4.38304,4.04188,4.22774,4.72913,4.65984,3.82248,4.87734,4.99667,5.16391,4.80929,5.22024,4.50054,4.62777
hsa-miR-24-2-5p,5.05048,4.94897,4.302,4.45193,4.74235,4.35837,4.8837,4.91572,4.82948,4.97321,5.15058,4.28324,4.21849,4.8645,4.47167,4.62831,5.0644,5.00011,4.77536,4.76098,5.07862,3.90118,4.94371
hsa-miR-24-3p,13.56,13.488,13.4423,13.4577,13.9448,13.6329,13.9623,13.5608,13.6127,13.6732,13.6253,13.6552,13.6635,13.524,13.7011,13.4106,13.5279,13.7957,13.6779,13.8475,13.7629,13.4721,13.8186
hsa-miR-25-3p,9.53962,9.75538,9.41609,9.60508,9.90338,11.83,10.1311,10.1134,9.92868,9.69446,10.0698,11.0031,9.71318,9.80304,9.71294,9.48638,9.92167,10.097,9.75483,9.60334,9.88561,9.59852,10.2515
hsa-miR-25-5p,2.42738,2.77057,3.3305,2.56973,2.53032,3.44414,2.96558,2.23269,2.62417,3.36091,2.67559,2.82184,2.43185,2.78208,2.60008,2.64285,3.44769,2.94718,2.86207,1.90753,2.80561,2.77359,2.37623
hsa-miR-26a-1-3p,7.57364,7.6755,7.50234,7.63195,7.66633,7.23285,7.6493,7.61428,7.25669,7.43192,7.544,7.57171,7.83236,7.65025,7.63316,7.5602,7.4547,7.64047,7.70269,7.76013,7.71914,7.35811,7.60024
hsa-miR-26a-5p,11.4519,11.6698,11.0661,11.4959,11.9188,11.728,11.7231,11.8904,11.736,11.7721,11.7478,11.5921,11.6042,11.5529,11.6124,11.0323,11.7308,11.7214,11.7894,11.8989,12.0089,11.3424,12.1099
hsa-miR-26b-5p,6.27184,6.72007,5.71113,6.58702,7.45444,7.3615,6.95168,7.04076,6.72975,6.63213,6.96669,7.01257,7.08968,6.71294,6.64905,5.86395,6.87321,7.00543,6.78552,6.92481,7.38055,6.0513,7.39979
hsa-miR-27a-3p,9.53403,9.84156,8.91747,9.75716,10.3807,10.1573,10.1869,9.90572,10.3051,9.73515,9.79315,9.63123,10.3444,9.72186,9.7573,9.36092,9.73477,10.0705,10.1412,10.4425,10.4185,9.35535,10.6896
hsa-miR-27b-3p,13.6547,13.7794,13.053,13.7574,14.422,13.7906,14.2204,13.9655,13.6073,13.3847,13.7507,13.5048,14.112,13.6953,13.7818,13.1802,13.7234,13.8184,13.9393,14.1944,14.07,13.4552,14.1111
hsa-miR-28-3p,9.2398,9.40338,9.00278,9.18483,9.26533,9.09826,9.5368,9.5236,9.29948,9.2676,9.30532,9.19941,9.13895,9.32862,9.20779,8.9346,9.09356,9.19082,9.34357,9.35791,9.39876,9.10694,9.39114
hsa-miR-28-5p,5.37679,5.65502,4.85355,5.41784,5.17101,5.2821,5.21409,5.54615,4.87947,5.16084,5.40257,4.73885,5.00208,4.99695,5.00513,4.85534,5.11367,5.29703,5.08973,5.13392,4.88015,5.20423,4.91628
hsa-miR-299-3p,9.04142,9.02772,9.24737,8.96877,8.83299,8.63545,8.88272,8.95681,8.80168,9.12593,8.87386,8.96936,9.20079,8.89808,9.11966,8.89519,8.90161,8.67528,8.8604,8.87669,8.90763,9.02858,8.82868
hsa-miR-29a-3p,12.052,12.0066,11.8478,11.9882,12.1071,11.8763,11.8116,12.1035,12.1323,11.962,11.9232,11.8563,12.1565,11.9343,12.0154,11.6963,11.891,11.9687,11.9911,12.0919,12.1754,11.843,12.1076
hsa-miR-29b-2-5p,2.49706,2.96789,2.99928,3.32889,2.42421,1.97831,1.4479,3.07582,2.60272,2.41308,2.896,3.2825,2.8451,3.12381,2.70207,3.03712,2.5261,2.64527,2.42276,2.51428,2.39048,2.74697,2.80944
hsa-miR-29b-3p,5.46892,5.44049,5.04204,5.60881,5.97979,5.5124,5.65452,5.82244,5.17964,5.45186,5.28418,5.52699,6.01132,5.29253,5.76111,5.09846,5.82427,5.66532,5.63244,5.80766,6.22265,5.02905,5.96462
hsa-miR-29c-3p,7.8177,7.73623,7.74412,7.762,7.71901,7.70599,7.67155,7.77088,7.82559,7.62889,7.56767,7.71974,8.01425,7.55119,7.83431,7.51297,7.71183,7.65197,7.64781,7.91783,8.01372,7.6636,7.77715
hsa-miR-29c-5p,4.40892,4.37252,4.1048,4.35281,4.08294,4.13792,4.51233,4.4684,4.39079,4.06742,3.86332,4.25656,4.18364,4.34646,4.27296,4.53132,4.32051,4.64816,4.10182,3.8422,4.0366,4.77288,3.60855
hsa-miR-301a-5p,3.43009,3.66656,3.36049,3.32953,4.09369,3.64173,3.62843,4.11734,3.66842,3.82406,3.47084,3.59055,3.66211,3.75013,3.50233,3.12198,3.46221,3.80662,3.86908,4.07432,4.4091,3.45437,3.92545
hsa-miR-3074-5p,5.22131,4.8109,5.47526,4.86961,4.88559,4.76238,4.9515,4.82953,4.80431,5.13521,4.86828,5.05977,4.5922,5.05555,4.99464,5.26104,5.00568,5.07551,4.87494,4.8479,4.3984,5.31849,4.74597
hsa-miR-30a-3p,8.04376,8.00156,7.66318,8.01527,8.21296,7.87923,8.12162,8.17962,7.84666,7.93066,8.09401,7.80465,7.98572,7.91272,8.02074,7.58575,7.81539,7.93141,8.14832,8.22319,8.01245,7.99759,8.19291
hsa-miR-30a-5p,13.7361,13.857,13.5662,13.7812,13.612,13.3041,14.0557,13.9598,13.4933,13.7386,13.6879,13.5458,13.6402,13.7364,13.6967,13.7717,13.6755,13.6837,13.6551,13.6563,13.7481,13.7254,13.6096
hsa-miR-30b-5p,4.77432,5.06343,4.67913,5.00707,5.52143,5.56646,5.3404,5.71157,5.33667,5.18122,5.44158,4.95758,5.43189,4.81061,5.48493,5.02697,4.96907,5.14408,5.27558,5.45657,5.47778,5.18757,5.60613
hsa-miR-30c-1-3p,3.25309,3.1459,3.27284,3.72731,3.52099,3.02876,2.9808,2.94366,3.62193,3.81164,2.68395,3.38405,3.78969,3.4083,3.09725,2.52435,3.27392,3.02024,3.29159,3.31746,2.78019,3.40623,3.51974
hsa-miR-30c-2-3p,3.11483,3.25928,3.88605,3.21602,2.93395,2.25341,3.11081,3.41545,2.82025,2.88607,2.79259,2.64647,2.87672,3.32468,3.31372,2.38258,3.42578,3.44379,3.26055,2.6912,3.11568,3.04481,2.42937
hsa-miR-30c-5p,7.82394,7.87216,7.38888,7.90127,8.36068,8.3437,7.86724,8.45109,8.28085,7.9027,8.00314,8.04463,7.98197,8.00102,8.10145,7.50885,8.14778,8.18887,8.29215,8.23145,8.34906,7.91723,8.43698
hsa-miR-30d-3p,6.37306,6.30104,6.25412,6.41424,6.14977,5.67814,6.20388,6.21798,6.00969,5.89159,6.03984,6.12797,6.40389,6.26772,6.12763,6.31275,6.00286,6.18051,6.18314,6.24391,6.22929,6.00818,6.25314
hsa-miR-30d-5p,14.0498,14.1924,13.8764,14.1437,13.9564,13.9088,14.1151,14.2893,14.0892,14.0354,14.1538,13.9833,13.9112,14.2052,14.1056,14.0791,14.0453,14.1172,14.1222,14.1014,14.1889,14.0761,14.1674
hsa-miR-30e-3p,6.58751,6.68011,5.8898,6.57103,7.19063,6.83699,7.18708,7.13013,6.57452,6.35888,6.79716,6.49697,6.84871,6.63216,6.66497,5.89093,6.6845,6.70352,6.96118,6.93404,6.85108,6.41501,6.94732
hsa-miR-30e-5p,13.1877,13.2581,13.1386,13.2326,13.0542,13.0889,13.3014,13.3388,13.1234,13.2293,13.1398,13.2094,13.1915,13.1679,13.2318,13.1816,13.2279,13.2077,13.1234,13.1453,13.3577,13.2065,13.06
hsa-miR-320a,15.4452,15.1435,15.9839,15.0685,14.4768,14.7292,15.1289,14.7318,15.0263,15.7854,15.1419,15.3891,15.0448,15.0927,15.126,15.96,14.9671,15.0001,14.9379,14.7299,14.778,15.5244,14.4998
hsa-miR-320b,11.0513,10.6646,11.5567,10.7462,10.1309,10.3253,10.7636,10.3115,10.7826,11.5113,10.837,10.9334,10.519,10.7293,10.7301,11.7904,10.569,10.6529,10.5114,10.2779,10.3726,11.1571,10.1229
hsa-miR-320c,8.73565,8.3459,9.24974,8.41829,7.78564,8.01736,8.19153,8.04818,8.57537,9.17008,8.5337,8.53526,8.23469,8.40496,8.34782,9.55809,8.22901,8.31795,8.21789,7.94204,7.98417,8.85354,7.79306
hsa-miR-320d,7.27625,6.70083,7.64946,6.9858,6.2963,6.4772,6.72092,6.46271,7.03702,7.68235,6.90846,6.97819,6.65196,6.72376,6.70123,7.98218,6.43408,6.79139,6.58597,6.44145,6.58858,7.25418,6.37369
hsa-miR-323a-3p,12.4948,12.5174,12.1374,12.4111,12.83,12.5688,12.2601,12.8837,13.0088,12.3371,12.6316,12.3668,12.4506,12.65,12.542,12.062,12.7097,12.6637,12.7703,12.8825,12.8164,12.3566,13.0739
hsa-miR-323a-5p,5.18565,5.11065,5.74422,5.13371,4.78937,4.90625,4.41879,4.64988,5.39578,5.31528,5.16978,5.07639,4.52145,5.2361,5.10747,5.48398,4.90438,5.23199,4.81194,4.80349,4.82045,5.26373,4.75941
hsa-miR-324-3p,6.16596,6.28219,6.6213,6.04127,5.48321,5.55637,5.65077,5.98157,5.98972,5.94038,5.97228,6.26146,5.84939,6.09345,6.07853,6.32741,5.89008,6.05111,5.872,5.56165,5.61941,6.45841,5.57271
hsa-miR-324-5p,3.60573,3.65644,3.55373,3.75005,2.94882,3.60007,3.49471,3.20709,3.01462,3.63396,2.88422,3.9981,3.54305,3.20645,3.52426,3.37512,3.67231,3.47796,3.38306,3.1906,4.00831,3.13016,3.74586
hsa-miR-32-5p,5.88894,5.92144,5.37045,5.96333,6.79997,6.70938,6.57235,6.20688,6.47623,5.71122,5.89328,6.10873,6.57987,5.56508,6.2804,5.73823,6.29175,6.28173,6.41446,6.74539,6.61616,5.88228,6.32447
hsa-miR-326,10.307,9.98378,10.5662,10.0827,9.70044,9.80148,9.87004,10.1708,10.2653,10.0295,9.93459,10.0926,10.1576,9.96317,10.1336,10.4691,9.90916,9.8511,9.92138,9.93814,9.69064,10.4023,9.8395
hsa-miR-328,10.49,10.6128,10.5685,10.3453,10.4056,10.4715,9.87273,10.4913,10.8793,10.5191,10.4758,10.7655,10.4476,10.5725,10.55,10.395,10.5683,10.5116,10.6458,10.4348,10.6498,10.4445,10.6006
hsa-miR-329,9.08012,9.01245,8.91617,9.08275,9.17136,9.08499,8.51464,9.25409,9.45874,8.92957,8.9482,8.97457,8.96518,9.11204,9.1043,8.73947,9.14457,9.16825,9.27546,9.21301,9.16725,9.0903,9.34146
hsa-miR-330-3p,10.7003,10.6432,10.8437,10.6166,10.4695,10.3473,10.5763,10.5396,10.4454,10.8682,10.6403,10.4794,10.3803,10.6362,10.5665,10.6991,10.5185,10.5888,10.4408,10.162,10.339,10.8189,10.2269
hsa-miR-330-5p,9.4738,9.29206,9.75116,9.34081,8.96135,8.86431,9.02769,9.04402,9.11371,9.43178,9.34961,9.16621,9.11454,9.4121,9.26016,9.52084,9.06316,9.28102,9.15393,9.04605,8.92418,9.55109,9.00267
hsa-miR-331-3p,3.8052,3.82102,3.6668,3.85469,3.68384,3.36017,3.27961,4.01963,3.66209,3.52665,3.866,3.72945,3.25624,3.54629,3.58214,2.94766,3.57016,3.42737,3.57371,3.25081,3.79771,3.68552,3.5648
hsa-miR-331-5p,4.73404,4.45165,5.29021,5.10765,5.22193,4.83322,5.81769,5.20906,5.54231,5.35965,4.76847,5.14731,5.04647,4.80405,5.25515,4.6096,5.00246,5.28091,4.7462,5.25316,5.69321,4.72359,5.52044
hsa-miR-335-3p,4.06316,4.64472,2.82137,4.38414,5.16239,4.51756,4.27051,5.02655,4.37927,4.27217,4.12046,4.49705,4.11775,4.72189,4.13295,2.93715,4.31865,4.60029,4.91233,4.81458,4.85624,3.87186,4.97292
hsa-miR-335-5p,8.06779,7.82585,7.77314,8.08255,8.17341,7.9599,8.63287,7.91888,8.01912,8.01144,8.07302,8.04223,8.38471,7.81954,8.0719,8.07509,7.84868,8.11646,7.96984,8.31166,8.32697,7.83808,7.77218
hsa-miR-337-3p,4.06954,3.82399,2.74423,4.04235,5.02157,4.01973,4.38152,4.58836,4.4747,4.03195,3.95969,3.52657,3.93201,4.06024,4.44357,1.84135,4.21539,4.67674,4.37694,4.46099,4.62761,4.21885,4.82298
hsa-miR-337-5p,5.12908,4.44833,5.02449,4.63169,4.631,4.51838,4.81574,4.50076,4.83981,4.83835,4.7183,5.14269,4.99273,4.41135,4.85592,4.76231,4.96601,4.91232,4.78909,4.56084,4.80472,4.86701,4.55713
hsa-miR-338-3p,5.68147,5.6806,5.43778,5.7581,5.80456,5.39553,5.5395,5.64196,5.83426,5.28001,5.4324,5.46775,5.86965,5.41868,5.81889,5.4298,5.78341,5.61775,5.70805,5.79177,5.82771,5.80736,5.71781
hsa-miR-338-5p,1.91878,2.25505,2.36109,3.45782,2.71731,2.87824,2.39966,2.37314,4.17076,3.53941,2.74179,2.88563,3.17333,2.5498,1.64292,3.1757,1.96144,3.1885,2.36875,2.27604,4.32164,2.49529,3.26776
hsa-miR-339-3p,9.40019,9.22539,9.82337,9.16912,8.92332,8.94965,8.8872,9.10973,9.02253,9.59295,9.23442,9.21477,8.99701,9.30486,9.3655,9.58657,8.93963,9.21212,9.02316,8.77464,8.99211,9.45206,8.75675
hsa-miR-339-5p,6.94757,6.98715,7.16494,6.91657,6.93973,6.89035,7.01498,6.99617,7.12787,7.13378,6.96623,6.85549,6.94375,6.78519,6.96527,7.00731,6.92794,7.14131,6.7532,6.86454,6.85366,7.15411,6.85868
hsa-miR-33a-5p,5.29169,4.72509,5.29906,5.06423,5.29132,4.96781,4.89121,4.36298,4.37693,5.1077,4.84008,5.06647,5.31941,4.55857,5.00967,5.0418,4.84336,4.94308,5.00781,4.70139,4.92555,4.99408,4.68849
hsa-miR-340-5p,11.0416,11.2694,10.3919,11.2463,11.5392,10.8521,11.4266,11.152,10.6702,10.6484,10.9572,10.764,11.3752,10.8953,10.9862,10.8256,11.0006,11.1079,10.9968,11.2238,11.2861,10.8304,10.9675
hsa-miR-342-3p,2.20182,2.65569,2.15807,3.10032,3.0158,3.22987,3.46174,3.61739,3.27927,2.89366,2.88557,3.17367,3.18811,3.1377,3.25137,1.8106,3.45015,3.06458,3.39958,2.80191,3.44241,2.87862,3.53324
hsa-miR-345-5p,1.72451,2.8566,2.59489,3.42415,3.27571,5.45954,3.97059,3.03237,3.5652,5.50575,3.70245,4.1437,3.17652,2.08575,2.84236,4.54698,2.32791,3.03768,3.0833,2.12518,5.57565,2.62234,3.55974
hsa-miR-346,4.91243,4.67046,4.99287,4.75787,4.67147,4.81046,4.56758,5.28139,5.07943,4.89383,4.90665,4.71144,4.98123,4.99904,5.17134,4.61442,4.97887,4.66263,4.61808,4.50425,4.92916,4.64791,5.00339
hsa-miR-34a-5p,3.42075,4.25155,3.44577,4.08707,4.13864,4.21889,4.11644,4.37527,3.98857,4.19278,3.80572,3.97242,3.59947,4.04618,3.90768,3.90936,4.10072,4.06659,3.69414,3.86542,4.27917,4.4364,4.49475
hsa-miR-34b-3p,3.38529,3.5758,3.56419,3.57271,3.74853,3.3507,3.76811,3.80513,3.37345,3.85622,4.22909,3.79749,3.67239,3.75059,4.14381,3.45883,3.96655,3.56758,4.09342,3.39591,3.90992,3.79248,3.60578
hsa-miR-34c-3p,5.92814,6.1848,5.85426,5.89835,5.91837,5.58076,6.25059,6.35599,5.73816,5.60526,6.01874,5.67674,5.69257,6.18035,6.02186,5.85413,5.66366,5.74382,6.08172,5.9786,6.09318,6.17151,6.38467
hsa-miR-34c-5p,9.44704,9.66456,9.27646,9.40382,9.58469,9.00961,9.60193,9.21058,8.90981,9.22851,9.27309,9.1791,9.58698,9.36352,9.3937,9.04771,9.54349,9.20491,9.39782,9.39835,9.52418,9.2041,9.1815
hsa-miR-3613-5p,2.57426,3.5837,2.23938,3.57353,4.00854,4.38532,3.60804,3.85621,3.57366,3.29268,2.85793,3.64451,3.75633,3.00481,3.4791,3.06309,3.40332,3.70553,3.31406,3.73063,3.73433,3.02707,3.83857
hsa-miR-361-3p,8.29761,8.45784,8.39316,8.3268,8.06028,7.95064,8.192,8.41138,8.04648,8.43562,8.37502,8.15453,8.06489,8.54234,8.298,8.04772,8.29391,8.43059,8.15898,7.99358,8.2587,8.46618,7.92879
hsa-miR-3615,3.65806,4.80787,3.95785,4.02829,4.3861,7.50828,4.5126,4.53819,5.68984,4.70481,4.54835,6.32985,4.69082,3.31679,4.08391,5.60991,4.32133,5.03832,4.12394,3.88572,5.4201,4.04149,5.21565
hsa-miR-361-5p,8.83437,9.09328,8.48361,8.83522,9.39244,8.92478,9.61436,9.40608,9.22677,8.99739,8.92347,8.84009,8.98707,9.02112,9.05261,8.20572,9.03022,9.25421,9.39686,9.56344,9.70116,8.88827,9.86508
hsa-miR-363-3p,7.67116,7.59706,7.45211,7.4605,7.58216,9.7149,7.69708,7.70823,7.94778,7.59292,7.8545,9.09915,7.85387,7.70543,7.59083,7.72057,7.90506,7.82833,7.60918,7.52656,7.53926,7.51491,7.94945
hsa-miR-3656,3.63209,3.63478,4.11605,3.28061,3.25079,3.6881,2.82032,2.77129,3.36519,3.512,3.68554,3.72594,3.54942,3.63398,3.84384,4.1674,3.70767,3.23672,3.57596,3.58049,2.71388,3.60552,3.55303
hsa-miR-365a-3p,4.31383,4.55112,3.90311,4.32627,4.35217,4.27365,4.48326,4.57284,4.57085,4.19739,4.22023,3.77225,4.44793,4.27189,4.55478,3.86848,4.51615,4.19749,4.78627,4.7111,4.66262,4.27846,4.68786
hsa-miR-365b-3p,4.31383,4.55112,3.90311,4.32627,4.35217,4.27365,4.48326,4.57284,4.57085,4.19739,4.22023,3.77225,4.44793,4.27189,4.55478,3.86848,4.51615,4.19749,4.78627,4.7111,4.66262,4.27846,4.68786
hsa-miR-370,7.74597,7.79195,8.17685,7.6949,7.31499,7.17648,7.56604,7.37382,7.2876,7.91772,7.70107,7.65628,7.60831,7.55416,7.67227,7.81203,7.48132,7.48659,7.49147,7.3593,7.38032,8.00017,7.31165
hsa-miR-374b-5p,4.09664,4.10838,1.71493,4.20682,4.71871,4.64871,4.3096,4.77496,3.9155,3.821,3.84776,4.241,4.10207,4.14762,3.74849,2.77172,4.26016,4.31224,3.98849,4.64675,4.79468,3.32378,4.81214
hsa-miR-375,6.8867,7.11799,7.08791,6.87958,6.762,7.75297,7.65524,7.58774,6.50883,10.9234,6.88012,6.39302,6.83016,6.94307,7.13141,8.66157,6.54559,6.86206,6.80754,6.37574,12.1935,6.98438,6.64158
hsa-miR-376a-3p,4.23126,4.55451,3.71085,4.1468,4.76423,4.10425,4.31058,4.62055,3.60443,4.41035,4.54627,3.81369,4.61689,4.34784,4.55798,3.79774,4.22663,4.5558,4.24763,4.14648,4.80486,4.32032,4.37257
hsa-miR-377-3p,7.2969,7.26511,7.05354,7.30211,7.00053,6.66396,6.92077,7.05138,6.89,7.30321,6.92929,6.9898,7.51941,6.98199,7.31268,7.18043,6.78888,7.29967,6.84336,6.83553,7.05376,7.0896,6.62701
hsa-miR-377-5p,6.50242,6.2577,7.03217,6.29758,5.81682,5.64254,6.28279,6.14562,5.98383,6.51051,6.24289,6.45535,6.16418,6.35667,6.34477,6.73722,6.18433,6.10721,6.08936,6.01347,5.9244,6.68498,5.69387
hsa-miR-378a-3p,13.7383,13.5162,14.0676,13.5794,13.2464,13.2201,13.6913,13.3554,13.3512,14.0157,13.5881,13.6197,13.5929,13.5041,13.5496,13.9001,13.3287,13.3064,13.4266,13.2285,13.2568,13.8377,13.1165
hsa-miR-378a-5p,2.87897,3.70391,3.01133,3.14763,2.62097,3.49583,3.55104,3.09031,3.64205,2.88054,2.71519,3.4788,3.39179,3.35717,2.84343,3.48925,3.19754,3.4106,3.18491,2.97214,3.21835,3.71025,3.07661
hsa-miR-378c,8.6352,8.26738,9.08212,8.33013,7.91494,8.07163,8.19622,7.96829,8.07365,8.72327,8.32864,8.40077,8.55546,8.28523,8.2531,8.81713,8.05195,7.91978,8.19293,7.97716,7.83738,8.66462,7.87078
hsa-miR-378d,8.2841,7.86642,8.71026,8.01745,7.65922,7.61442,7.75554,7.44448,7.50928,8.2513,7.89846,7.9423,8.0939,7.93586,7.8797,8.43323,7.68238,7.59842,7.7002,7.52276,7.25501,8.42584,7.48375
hsa-miR-378f,4.11882,4.06845,4.71715,4.01746,3.75671,3.75031,4.02672,3.81869,3.87129,4.30504,3.99927,3.83465,4.06632,3.91858,3.92025,4.28808,3.95594,3.89522,3.66624,3.90538,3.69263,4.43361,3.6666
hsa-miR-378g,5.96489,5.60587,6.3241,5.87157,5.28591,5.43173,5.85521,5.39678,5.44863,6.284,5.84469,5.89201,5.72081,5.7464,5.73457,6.18058,5.42577,5.58879,5.67365,5.35361,5.30561,6.07852,5.18226
hsa-miR-378i,7.03821,6.93818,7.38365,7.02422,6.73366,6.75683,7.14731,6.71805,6.8316,7.3899,6.86041,6.97427,6.96988,6.82841,6.87354,7.18001,6.81774,6.8173,6.55307,6.28011,6.49699,7.35565,6.28848
hsa-miR-379-3p,2.21905,2.38115,1.45261,2.0519,3.55153,2.37103,3.60298,1.78186,2.46658,2.18654,2.47142,2.3253,1.593,2.83922,2.80096,1.28914,2.11676,3.54384,2.35318,1.98419,3.49281,2.41995,3.42975
hsa-miR-379-5p,10.72,10.7343,10.5319,10.7658,11.1389,10.6137,11.3304,10.6788,10.5069,10.5319,10.7794,10.5981,10.9011,10.7516,10.7737,10.436,10.591,10.7628,10.8216,11.0134,10.7798,10.6959,10.8968
hsa-miR-381-3p,12.7655,12.9511,12.7379,12.8725,13.0807,12.5875,12.6422,13.1785,12.4329,12.9383,12.8122,12.7798,12.9629,12.8367,12.8187,12.1158,12.5312,12.647,12.8103,12.4843,12.9303,12.7194,12.5705
hsa-miR-381-5p,2.50505,3.06605,3.15565,2.83993,3.03653,2.5786,2.15267,2.80138,3.05393,2.99551,2.41647,2.14861,2.71124,2.2318,2.88543,1.70201,1.38751,3.02595,2.81171,2.55837,2.45618,2.85395,2.70147
hsa-miR-382-3p,5.4793,5.16379,5.16602,5.64743,6.41802,5.66133,5.79081,6.25723,5.01687,5.59134,5.37369,5.24019,5.91931,5.40203,5.66189,5.18435,5.65836,5.50196,5.34082,5.7852,6.08737,5.66017,5.61641
hsa-miR-382-5p,10.0346,9.87793,10.1374,9.68016,9.43347,9.36421,10.1406,9.86889,9.54608,10.0652,9.91785,9.81132,9.66054,9.78949,9.88093,10,9.48443,9.70178,9.61962,9.59475,9.53706,10.0575,9.41058
hsa-miR-383,7.22511,7.41666,7.5436,7.13403,6.8295,6.66462,7.11067,7.06991,6.54297,7.41585,6.94741,6.94998,6.97904,7.0416,7.0342,7.48225,6.89003,7.10323,6.76936,6.41894,6.76723,7.43205,6.33755
hsa-miR-384,2.83856,3.3956,3.20822,3.54653,4.39099,3.49044,4.0287,3.58287,2.99255,3.29669,3.28822,2.89035,4.12741,2.59047,3.78295,2.4909,3.58936,3.72973,3.07333,3.45943,3.69401,2.93902,3.37015
hsa-miR-409-3p,8.30123,8.30364,8.40045,8.31429,7.9986,7.79474,7.54889,8.26124,8.08226,8.35784,8.41466,7.82894,8.03549,8.41144,8.22864,8.25913,8.04472,8.32845,8.01818,7.70897,7.8445,8.43845,7.88118
hsa-miR-409-5p,6.43391,6.15509,6.23159,6.14078,6.16657,6.08799,6.47077,6.22169,6.29108,6.58782,6.43637,6.42776,6.16173,6.20934,6.25699,6.1809,5.9995,6.31211,6.30429,6.2665,6.15943,6.38543,6.10675
hsa-miR-410,11.3897,11.3357,11.1438,11.3049,11.642,11.3881,11.6474,11.5555,11.7557,11.281,11.3084,11.4132,11.4612,11.325,11.5087,11.2486,11.4466,11.5565,11.5406,11.8154,11.6862,11.2792,11.7484
hsa-miR-411-3p,4.86421,5.20775,4.29249,4.95832,5.657,4.93252,4.86733,5.69177,4.76339,4.7507,5.28147,4.7554,4.60165,5.10818,5.12197,4.32616,5.11296,5.27189,4.90643,5.08864,5.23983,4.41058,5.76964
hsa-miR-411-5p,8.95675,9.20745,8.49015,9.09636,9.7242,9.05185,9.51591,9.38627,8.99375,8.87055,9.09422,8.96631,9.14649,9.0411,9.18227,8.3182,9.24868,9.28385,9.25813,9.48897,9.52041,8.75602,9.59322
hsa-miR-421,7.17651,7.47755,6.81534,7.32839,7.53499,7.33301,7.63266,7.52869,7.36157,7.22904,7.32512,7.20559,7.28363,7.56465,7.43364,6.90672,7.61404,7.57663,7.60407,7.5875,7.70242,7.06912,7.63572
hsa-miR-422a,5.00511,4.99881,5.32247,4.81189,4.69353,4.62796,4.70927,4.69025,4.61743,5.23238,5.02196,4.86094,4.96711,4.70976,4.93599,5.02685,4.58581,4.63619,4.47731,4.54755,4.43857,5.05803,4.25877
hsa-miR-423-3p,10.7322,10.7152,10.823,10.782,10.6449,10.7892,10.2695,10.6955,10.8993,11.0347,10.8699,10.8385,10.5162,10.8574,10.7431,10.7525,10.6756,10.738,10.6834,10.4423,10.7754,10.7947,10.622
hsa-miR-423-5p,13.2834,13.1145,13.7363,13.1682,12.8495,13.5891,13.1551,12.8473,13.2775,13.8573,13.3367,13.7628,12.9702,13.2688,13.1515,13.8346,13.2525,13.3276,13.096,12.9124,12.8112,13.4285,12.904
hsa-miR-424-3p,3.81866,3.82589,3.5485,3.65911,3.93488,5.20196,3.92032,3.44764,4.52342,4.16156,3.89283,4.05565,4.05968,3.56228,3.21719,3.93073,3.75768,4.2077,3.25835,3.51248,3.81169,3.51915,4.24121
hsa-miR-424-5p,4.72111,4.56977,4.12968,4.67237,4.87406,5.39435,4.18763,4.57814,4.83751,4.74422,4.48149,4.47836,5.20172,4.27765,4.52823,4.67945,4.79349,4.53512,4.42827,4.93442,4.69276,4.32386,4.75928
hsa-miR-425-3p,7.26531,7.15852,7.45884,7.03504,7.1466,7.21623,7.40911,7.21127,7.12782,7.46671,7.22942,7.38853,7.28483,7.18775,7.6342,7.27908,7.06589,7.08007,7.27537,7.14134,7.28423,7.41893,7.03799
hsa-miR-425-5p,8.24078,8.19291,8.21506,8.15279,7.95749,8.43788,7.72014,8.22801,8.1687,8.29193,8.26696,8.08019,8.10924,8.2094,8.21866,8.10044,8.00371,8.23997,7.9874,7.92824,7.94996,8.40225,8.22503
hsa-miR-431-3p,6.23635,5.88671,6.31484,6.11859,5.82781,5.75345,6.16824,5.94243,6.0473,6.13945,5.97879,6.06023,6.23368,5.89382,6.17633,6.0412,6.00143,6.24886,6.11766,5.98045,5.82053,6.08816,5.95452
hsa-miR-431-5p,2.73397,2.49112,3.14787,1.87084,2.3044,2.29402,2.87618,3.09482,2.55037,2.77376,2.23954,2.82507,2.58635,2.09208,2.03137,3.03656,2.34181,1.76504,2.70237,3.01132,2.4394,2.89564,2.65927
hsa-miR-432-5p,11.7848,11.9772,11.4874,11.8281,12.0277,11.5954,12.0922,12.0645,11.7179,11.8964,11.907,11.6721,11.7002,11.9327,11.8481,11.4977,11.7593,11.8697,11.9674,11.9932,11.9677,11.7362,12.0431
hsa-miR-433,13.8292,13.7302,13.9701,13.6945,13.4127,13.2277,13.1671,13.6045,13.5722,13.9007,13.6661,13.4348,13.3269,13.7315,13.5567,13.6832,13.5812,13.6624,13.5427,13.323,13.3558,13.7825,13.3643
hsa-miR-4429,3.68738,2.69642,3.78913,2.72044,2.31378,2.91463,3.63687,2.47146,2.92839,4.08886,3.35301,3.28893,3.17393,2.49395,3.55439,3.88952,2.6258,2.42566,2.94061,2.78977,2.57559,3.04321,1.98352
hsa-miR-4448,5.33295,5.87071,6.02858,5.74907,5.2136,5.53401,4.65653,5.34905,6.1035,5.66747,5.48918,5.96049,5.68599,5.41778,5.69445,6.05866,5.5681,5.59593,5.92819,5.87159,5.51551,5.93248,5.97641
hsa-miR-4492,2.70932,2.82751,2.73141,2.66886,1.72961,2.45288,2.54342,1.87016,3.01399,2.37601,2.00143,2.27544,2.68188,2.44859,2.16514,3.78037,1.89951,2.58711,3.20698,2.72407,2.48497,3.13136,3.05348
hsa-miR-449a,5.20388,5.15415,4.70698,5.18898,5.05329,4.95796,4.97223,5.13651,4.83959,4.96224,4.9362,4.73263,5.19057,5.07793,5.38259,4.28627,5.01944,4.90288,5.39439,5.26916,5.29737,4.92967,5.23876
hsa-miR-4508,2.41649,2.28589,3.43177,2.52002,2.35147,4.48302,2.21448,2.53086,3.08261,1.74059,2.88744,4.46066,2.58596,2.60572,3.02347,3.22313,3.15841,3.15006,2.35649,2.52264,2.1958,2.9846,2.91319
hsa-miR-450a-5p,4.73285,5.08137,4.59359,5.32169,5.6374,4.99249,5.35995,4.9789,4.65017,4.4462,5.01369,4.48777,5.46489,4.81724,4.84198,4.65935,4.72021,4.97029,4.88733,5.22531,5.1137,4.85678,5.16495
hsa-miR-450b-5p,6.35477,6.37742,5.27957,6.52701,7.16702,6.67221,7.16889,6.57361,6.67456,5.91718,6.4018,6.08204,6.89269,6.34266,6.44387,5.95167,6.76953,6.56148,6.84237,7.18782,6.9047,5.9203,7.01398
hsa-miR-451a,10.8505,11.9511,11.1489,10.9598,11.5093,16.0453,11.442,11.9198,11.6955,10.3429,12.2788,14.8165,11.9493,10.6603,10.9456,10.2148,12.4657,12.6077,10.997,10.9966,10.7175,10.8918,13.6689
hsa-miR-452-5p,5.49384,5.40023,5.66943,5.16104,4.80491,5.09073,5.16618,5.05057,4.6734,5.70108,5.24819,4.95313,5.15524,5.17518,5.16859,5.83186,4.49962,5.14638,5.01927,5.05071,4.94983,5.31032,4.42292
hsa-miR-455-5p,7.67807,7.72107,7.65291,7.62083,7.78668,7.52527,7.77315,7.95693,7.70883,7.6627,7.78974,7.50307,7.86921,7.79561,7.71828,7.26953,7.73777,7.7713,7.61445,7.75375,7.73213,7.67548,7.88705
hsa-miR-4792,4.9012,5.18075,5.62876,5.04165,4.74311,4.84992,4.58346,4.62844,5.35431,5.31255,4.40101,5.1193,5.64137,4.56026,4.95987,5.62947,5.07562,4.46952,5.25463,5.21682,4.71668,5.41947,5.17039
hsa-miR-483-5p,2.00988,2.67801,3.00413,2.45973,1.80422,2.00706,1.75952,4.61281,2.28995,4.49042,4.21362,2.52893,3.29388,2.6192,4.13606,3.59956,1.81608,2.80375,2.66046,1.26532,2.57513,4.27379,2.27905
hsa-miR-484,7.56877,7.72061,7.70835,7.60633,7.68185,8.96825,7.46623,7.89829,8.04849,7.85267,7.68523,8.38048,7.4919,7.78344,7.49549,7.79048,7.82524,7.96041,7.57608,7.64888,8.00598,7.58171,8.11478
hsa-miR-486-5p,9.52437,9.81463,9.0584,8.72095,9.94341,13.9323,9.12023,9.88679,10.1351,8.69074,10.5982,13.6044,9.32305,8.76993,8.72779,9.0727,10.3162,10.3799,8.54174,8.19331,8.60662,8.72588,11.3489
hsa-miR-487b,6.13363,6.37304,6.0052,6.42864,6.86656,6.36551,6.44476,6.45815,6.60575,6.14194,6.25332,6.20407,6.37281,6.37697,6.63027,5.99754,6.29592,6.54583,6.55153,6.70537,6.61164,6.39179,6.86256
hsa-miR-490-3p,7.57835,7.60306,7.86709,7.47595,6.82772,6.57949,6.84359,7.43477,6.82959,7.4681,7.38038,7.06066,7.14377,7.53074,7.3104,7.73013,7.20481,7.34385,7.13178,6.56177,6.97682,7.76175,6.57788
hsa-miR-490-5p,6.38142,6.28211,6.71973,6.67597,6.22622,6.00207,6.40437,6.34672,6.48369,6.38276,6.04001,6.42918,6.23128,6.0683,6.56252,6.36009,6.13491,6.32075,6.51746,6.33906,6.23763,6.56316,6.27406
hsa-miR-495-3p,8.57993,8.89802,8.21931,8.84474,9.41078,8.96191,9.13352,8.94728,8.58417,8.5314,8.82925,8.58798,9.05843,8.68067,8.91101,8.13454,8.7389,8.95153,8.82827,8.80072,9.1109,8.59335,8.82808
hsa-miR-496,2.59147,3.40734,2.76145,2.92372,3.48875,3.22009,3.37424,3.43114,3.65397,3.03281,2.7091,3.44324,3.27323,2.88172,3.60755,2.62914,3.37872,3.66523,3.64392,3.39183,3.87139,3.04368,3.54026
hsa-miR-497-5p,7.15794,6.90291,7.14322,6.94457,6.69927,6.61201,6.55882,6.66203,6.74781,6.85635,6.6787,6.83808,7.23294,6.7051,6.92373,7.07034,6.85671,6.82754,6.78353,6.77581,6.69755,7.05369,6.37722
hsa-miR-499a-5p,6.46726,6.40117,5.61039,6.58913,6.68657,6.17094,6.8256,6.2709,6.43753,6.25168,6.18338,6.11378,6.87,6.46379,6.42896,6.04422,6.59693,6.42178,6.59213,6.60786,7.54123,6.21872,6.55029
hsa-miR-500a-3p,8.16904,7.92145,8.35644,8.06944,7.88091,7.96008,8.28726,7.84801,7.95017,8.11979,8.00001,8.01028,8.11028,7.94461,8.08191,8.13025,7.90115,7.94283,7.9257,7.99296,7.98524,8.22441,7.84375
hsa-miR-501-3p,8.32983,8.18285,8.4924,8.24258,8.07466,8.36665,8.21014,8.06121,8.27538,8.31013,8.19438,8.34385,8.03023,8.37358,8.12572,8.29859,8.16568,8.41004,8.14892,8.08596,8.12859,8.34073,8.22411
hsa-miR-502-3p,9.24237,9.05936,9.34635,9.16481,9.00024,8.8146,9.16483,8.90456,8.82458,9.1741,9.03063,8.93141,9.07584,9.07067,9.02038,9.0102,8.91659,9.03394,8.93879,8.99888,8.93869,9.20169,8.8947
hsa-miR-503-5p,2.63951,2.97582,2.83586,2.73786,3.48713,5.51572,3.10416,3.00105,3.44398,3.01628,3.50741,3.95751,2.96954,2.65118,3.28922,3.65245,3.25229,2.72691,2.87952,3.75797,3.70872,3.02912,3.51725
hsa-miR-505-3p,5.08674,4.75296,4.87416,5.10293,5.29187,5.20569,5.72079,5.59418,5.35481,5.07454,5.19077,5.116,5.56602,5.16568,5.06308,4.6939,5.1651,5.57007,5.4089,5.14505,5.27366,4.94555,5.31511
hsa-miR-505-5p,3.52815,4.10338,3.72397,4.01798,3.92158,3.95199,2.82592,4.40825,3.94223,3.65975,4.16576,3.19664,3.03902,4.04626,3.58269,2.5859,3.84529,4.69472,3.91699,3.72635,3.67275,3.55161,4.35348
hsa-miR-514a-3p,3.23409,3.55639,2.78156,3.27328,3.07069,3.3332,3.65711,3.48365,2.36876,2.70595,3.2122,3.30724,3.43913,3.19363,2.98544,2.47833,3.40422,3.1997,3.12143,2.9161,3.10831,3.05052,3.23206
hsa-miR-532-3p,5.51968,5.69043,5.94728,5.69595,5.34793,5.72321,5.51438,5.37543,5.62106,5.54586,5.69259,5.82754,5.70154,5.66046,6.07512,5.68018,5.44042,5.88559,5.94876,5.63558,5.53591,5.92702,5.70316
hsa-miR-532-5p,12.8469,12.8357,12.8171,12.9032,12.9466,12.6415,13.2083,12.7281,12.4688,12.9339,12.7207,12.7802,12.9703,12.7561,12.8314,12.6856,12.745,12.7108,12.7999,12.7527,12.8446,12.8547,12.6281
hsa-miR-539-3p,5.53324,5.01295,4.86303,5.35006,5.94304,5.156,5.35791,5.25315,4.9878,4.72623,5.14706,5.0993,5.92521,5.05361,5.35679,4.89599,5.28304,5.16418,5.41742,5.42473,5.53864,5.03149,5.07799
hsa-miR-539-5p,3.24872,3.0068,3.1086,3.12272,3.33529,2.57598,3.69045,3.59188,2.85604,1.74173,2.7839,2.39479,3.01792,3.22762,3.19427,1.85722,2.95645,3.29901,2.45623,2.9095,3.2078,3.24847,3.017
hsa-miR-541-5p,4.82214,4.78795,5.06314,4.57258,4.18852,4.45395,5.10033,4.56469,4.88631,4.99723,4.92465,4.88326,4.75648,4.44856,4.57611,5.04377,4.33788,4.56506,4.81808,4.57294,4.57695,4.94899,4.55665
hsa-miR-542-3p,6.83734,6.59675,6.37281,6.52929,6.73421,6.10578,6.85395,6.20778,6.30553,6.45476,6.39206,6.26247,7.14248,6.22604,6.46614,6.83271,6.14966,6.45172,6.39471,6.5818,6.48731,6.50703,6.17728
hsa-miR-543,8.80076,9.04377,8.54892,8.91872,9.14411,8.90676,8.22291,9.14698,8.77434,8.92086,8.93321,8.41893,8.48694,9.188,8.90115,8.309,8.81257,9.02085,8.97547,8.56736,9.10651,8.78503,8.99855
hsa-miR-551b-5p,3.28969,2.6807,3.18817,2.59934,2.59978,2.93522,2.45608,3.10942,3.43645,2.98017,2.97208,2.73892,3.09318,3.32529,2.98485,3.2816,3.09971,2.96495,2.54475,2.35756,2.34622,2.72725,2.81861
hsa-miR-574-3p,3.02308,3.57657,2.79911,2.94874,3.1614,2.92247,3.24948,3.57788,3.27718,3.37159,3.07902,2.76645,3.11449,3.22602,2.36355,2.72847,3.51079,3.36229,2.60244,3.19581,3.70981,3.55955,3.12788
hsa-miR-574-5p,3.06246,2.84173,3.26369,3.27291,2.95085,3.87892,3.98072,2.92443,3.21173,3.75935,2.85872,3.76223,3.22965,2.77332,2.93095,3.7249,2.14593,3.72634,3.23421,2.97292,2.68623,3.16424,3.37984
hsa-miR-582-5p,3.39725,2.98299,2.47055,2.57267,3.04938,2.42236,3.10423,2.62832,2.41582,2.94842,2.11941,2.04677,2.90858,2.44352,3.44133,2.37645,2.68035,2.32646,2.27113,2.92733,3.11478,2.9406,3.03356
hsa-miR-584-5p,3.97885,4.45294,2.95283,4.0828,4.43831,7.31385,3.83499,3.82243,3.80861,4.91241,4.5255,6.41072,4.0871,3.23062,3.08346,3.50202,3.39917,4.25572,3.36912,2.80455,3.65875,2.74835,5.24147
hsa-miR-592,5.12304,5.45034,5.07922,5.53515,5.77462,5.33546,5.41885,5.53205,5.35865,5.29396,5.50524,5.51336,5.86146,5.29667,5.33691,5.09056,5.33146,5.63911,5.60059,5.89385,5.80064,5.10031,5.51716
hsa-miR-6087,3.96871,4.18852,4.97502,4.04516,3.12778,3.85866,3.61589,3.41657,3.91353,4.24583,3.67463,4.26336,4.15427,3.44108,4.2082,4.71535,4.18745,3.35972,3.87205,3.7666,3.75347,4.15588,3.9747
hsa-miR-6131,2.77001,3.75214,2.70158,3.26559,2.9261,2.68234,3.3072,4.17614,3.25139,2.41163,3.28886,2.34884,2.46132,3.45965,3.07768,2.66183,3.16564,2.39391,2.67424,3.69211,2.41043,2.56486,3.00768
hsa-miR-615-3p,2.0853,2.45633,1.94858,2.31782,2.31318,3.06028,1.04436,2.18588,2.78271,2.86606,2.49148,2.11966,2.00396,2.40351,2.97064,2.90528,2.97048,2.62817,2.74177,2.18454,3.92736,2.08534,2.22419
hsa-miR-628-3p,6.61038,6.883,6.07045,6.82904,6.92122,6.93168,6.68844,6.82555,6.71529,6.45863,6.69884,6.41062,6.58272,6.91507,6.81439,6.24769,6.76482,6.76718,6.83911,6.94924,7.1292,6.48189,6.92788
hsa-miR-628-5p,3.24589,4.14878,2.84706,3.89524,4.37688,3.60595,3.77601,4.21709,3.28345,2.13924,3.54956,3.46775,3.94416,3.99404,3.90508,2.8081,3.31266,4.2053,3.63456,4.14072,4.11892,3.3352,3.92073
hsa-miR-629-5p,4.94817,5.3003,5.27787,5.35052,5.46135,8.52185,6.60102,4.68731,6.81754,6.08923,5.57209,8.38131,5.75938,3.84569,4.19522,7.2207,4.99305,6.00748,4.55343,3.59131,4.99365,4.93035,5.86041
hsa-miR-652-3p,7.32928,7.67508,7.29887,7.37983,7.17548,7.87037,7.79054,7.70963,7.4643,7.18129,7.41901,7.56563,7.32996,7.44688,7.40652,7.50875,7.2981,7.49201,7.26984,7.40362,7.33375,7.78049,7.51496
hsa-miR-655,6.23215,6.38883,5.66347,6.27931,7.13125,6.53443,6.64313,6.78374,6.46099,6.13681,6.08573,6.36306,6.90188,6.37722,6.54285,4.99784,6.50228,6.56683,6.60992,6.92504,7.13274,6.20263,6.89605
hsa-miR-656,10.0272,9.96176,9.20513,9.98665,10.9273,10.4654,10.5309,10.3573,10.5257,9.65773,10.0671,9.91438,10.4236,9.97417,10.3099,9.13925,10.4316,10.312,10.44,10.9044,10.8196,9.53924,10.8496
hsa-miR-660-5p,10.4386,10.5166,10.2214,10.5002,10.602,10.4614,10.8171,10.8192,10.8747,10.3568,10.3457,10.4878,10.5537,10.5041,10.477,10.0706,10.5758,10.4897,10.6827,10.8523,10.8791,10.4277,10.8211
hsa-miR-671-3p,3.15954,3.4674,2.97024,3.23456,3.16414,2.97553,2.30921,2.8894,3.39814,2.7853,3.09158,2.51009,2.8154,2.95156,2.86472,3.42778,3.16685,3.02231,2.28614,3.13162,3.5197,2.73415,3.75314
hsa-miR-671-5p,4.67529,5.03746,5.7063,4.94761,4.45573,4.19441,4.50176,4.26958,4.67857,5.21962,4.6108,5.05549,4.90178,4.71349,4.69324,5.67388,4.22368,4.46621,4.47663,4.38191,4.51319,5.02473,4.04386
hsa-miR-676-3p,8.01279,8.06427,7.94811,8.00906,8.08449,7.85759,8.22701,8.25982,8.22444,7.8481,8.1226,7.8968,7.87572,8.14684,8.1279,7.87721,8.07504,8.0598,8.18471,8.13709,8.17042,7.97619,8.32852
hsa-miR-708-3p,10.5127,10.3145,10.6521,10.2834,10.2583,9.93745,10.612,9.9876,10.0561,10.4609,10.3223,10.285,10.4877,10.2108,10.3252,10.4798,10.1909,10.1865,10.2693,10.2643,10.0601,10.3413,9.9567
hsa-miR-708-5p,6.34856,6.4812,6.44852,6.23627,6.30675,6.16062,6.15333,6.57105,6.18354,6.48733,6.2962,6.23252,6.74248,6.33904,6.44168,6.0102,6.39036,6.2275,6.1655,6.16841,6.5319,6.38916,6.07057
hsa-miR-7-1-3p,4.43686,4.34919,3.77158,4.89759,4.72314,4.13305,4.76036,4.67565,3.88452,4.11232,3.94269,3.9267,4.06712,4.45295,4.28341,3.80019,4.56848,4.49067,4.5891,4.30845,4.58669,3.92855,4.34132
hsa-miR-744-3p,4.25527,4.34401,4.44038,4.36342,4.45247,4.36365,4.39935,4.50672,3.42063,4.52224,4.35411,3.6591,4.48116,4.37636,4.54111,4.16574,4.28883,3.82753,4.63717,3.88055,4.50049,4.15339,3.84234
hsa-miR-744-5p,10.5402,10.6774,10.7404,10.5204,10.391,10.1419,10.3561,10.4515,10.2207,10.781,10.66,10.3439,10.2926,10.5615,10.4787,10.6262,10.3445,10.5108,10.2944,10.0483,10.1765,10.7219,10.1617
hsa-miR-758-3p,4.33035,4.58587,3.8612,4.64391,4.26343,4.03936,4.25884,4.75927,3.78257,4.07934,4.61195,4.15609,3.93381,3.89733,4.07576,3.77208,4.36248,4.01288,3.94117,4.19414,4.08403,4.36006,4.38202
hsa-miR-7-5p,8.67148,8.986,8.34874,8.91218,8.9391,8.65889,9.19771,9.02041,8.44724,8.61954,8.64362,8.69349,8.97258,8.78483,8.75819,8.48634,8.84525,8.66535,8.67671,8.74875,8.92454,8.62395,8.53002
hsa-miR-760,12.9612,12.7998,13.3424,12.7795,12.3734,12.3747,12.8458,12.5522,12.8045,13.12,12.8092,12.8473,12.5718,12.7898,12.801,13.2974,12.6726,12.7777,12.7029,12.5765,12.4499,13.0739,12.4762
hsa-miR-767-5p,8.54467,8.49985,8.67423,8.52926,8.42596,8.09098,8.52146,8.62617,8.31625,8.64433,8.50443,8.30485,8.43306,8.61458,8.45948,8.43325,8.28096,8.49558,8.48135,8.32475,8.47493,8.56622,8.28795
hsa-miR-873-3p,8.72993,8.47206,9.15769,8.31364,7.68895,7.90848,8.3411,7.99948,8.24024,8.85787,8.44047,8.40115,8.26299,8.407,8.49478,8.98487,8.13762,8.13407,8.35445,8.04718,8.00552,8.80715,7.83223
hsa-miR-873-5p,8.20977,8.11898,8.40595,8.15301,8.15323,7.92315,8.14878,7.98284,7.99812,8.05915,8.02393,8.16829,8.29623,8.17824,8.12588,8.14224,7.95341,8.01304,8.00036,8.16197,8.064,8.12529,7.78444
hsa-miR-874,8.63378,8.44671,9.08196,8.28409,7.97529,8.06941,8.19545,8.15555,8.3105,8.85794,8.28649,8.49045,8.22442,8.33017,8.52288,9.03761,8.22067,8.42508,8.18304,7.93133,8.17032,8.7343,8.06365
hsa-miR-876-3p,4.18478,3.69176,3.3378,3.6777,4.06167,3.742,3.3142,3.36205,2.5273,2.97474,3.92412,3.30177,4.1614,3.22441,3.79459,2.89297,4.08558,3.79705,3.35786,3.22409,3.67964,3.57971,3.35577
hsa-miR-885-3p,6.98076,7.09743,6.96073,7.20606,6.95463,6.68129,7.14531,7.39152,6.72944,6.91109,6.83208,6.77285,6.72657,7.20148,7.02413,7.09215,6.89321,7.15576,7.04144,6.93122,6.8325,7.2086,7.04752
hsa-miR-885-5p,9.02673,9.16563,8.56629,9.07197,9.3392,9.26068,9.05612,9.32906,9.52227,8.71203,9.15048,8.91732,9.24952,9.20801,9.34574,8.09451,9.2055,9.15746,9.3843,9.41156,9.46696,8.90934,9.5788
hsa-miR-889,9.99063,10.2713,9.21891,10.0493,11.062,10.3778,11.1874,10.5392,10.0628,9.80642,10.1653,9.88996,10.4527,10.1032,10.307,9.36151,10.3095,10.3759,10.4646,10.809,10.759,9.75551,10.867
hsa-miR-92a-3p,12.6415,12.7974,12.1567,12.8238,13.2819,14.1669,12.8459,13.3656,13.328,12.7134,12.9576,13.4036,12.8412,12.8764,12.8799,12.2966,13.16,13.1217,13.0709,13.2564,13.4318,12.561,13.586
hsa-miR-92b-3p,10.5317,10.6402,10.1474,10.6224,11.0649,10.8344,10.7714,11.196,10.8426,10.601,10.7594,10.4425,10.5733,10.7879,10.7935,9.98124,10.8758,10.9284,10.7994,10.8682,11.0384,10.5234,11.1596
hsa-miR-92b-5p,3.60113,3.67227,3.66629,3.71155,3.23589,3.77317,3.47302,3.60568,3.67161,3.69054,3.94197,3.84256,3.37447,3.37034,3.89155,4.10681,4.03726,3.2408,3.55412,3.19117,3.64523,3.94415,3.10598
hsa-miR-935,5.09872,5.41249,5.04599,4.98746,5.253,5.04488,5.03262,5.30074,4.74134,5.12733,4.97823,5.23851,5.28766,5.16942,5.19875,5.19984,5.15144,5.21422,5.26762,5.02966,5.05833,5.16425,4.98302
hsa-miR-93-5p,7.01609,7.08813,7.12453,7.29965,7.64877,8.31576,7.31831,7.73865,7.37414,7.76957,7.56342,8.1244,7.5613,7.38006,7.35826,6.62919,7.20274,7.39764,7.23851,6.98518,7.59548,7.49745,7.36924
hsa-miR-9-3p,15.4775,15.2523,15.1233,15.4039,15.7597,15.5763,15.5897,15.4282,15.6369,15.381,15.3753,15.4409,15.6142,15.3246,15.4614,15.2924,15.5752,15.5709,15.6033,15.8341,15.7564,15.2292,15.72
hsa-miR-9-5p,14.359,14.5838,13.512,14.5262,15.4666,14.6215,15.2393,14.8319,14.3658,13.9984,14.4559,14.1849,14.8377,14.5034,14.5117,13.4763,14.7241,14.705,14.791,15.2019,15.1762,14.0989,15.181
hsa-miR-98-3p,4.43718,4.46993,3.38207,4.05133,5.17714,4.1072,4.7906,4.45232,4.37766,3.52635,3.94746,3.71936,4.33994,4.22709,4.18106,4.15717,4.15478,4.30911,4.5356,4.67608,4.95188,4.37061,4.69436
hsa-miR-98-5p,6.43915,7.12002,5.27288,7.09119,7.95913,7.42772,7.4539,7.63071,6.66738,6.58011,6.8616,6.63566,7.25534,6.85659,6.99874,6.1181,7.19956,6.97642,6.86293,7.20099,7.69367,6.51577,7.41122
hsa-miR-99a-3p,4.36254,4.59478,3.75271,4.43568,4.61032,4.01029,4.62881,5.19253,4.61543,4.49424,4.41317,4.53164,4.70062,4.54851,4.88952,3.88632,4.7065,4.52817,4.07866,4.74639,4.82552,4.34505,4.69542
hsa-miR-99a-5p,17.2064,17.1749,17.1438,17.2171,17.1025,16.9488,16.9173,17.0205,17.3179,17.104,17.1456,17.0697,17.0264,17.2586,17.1998,16.9217,17.0725,17.1328,17.2487,17.1779,17.1563,17.2005,17.1761
hsa-miR-99b-3p,8.91286,8.93535,9.06471,8.8824,8.62309,8.39123,8.98287,8.68403,8.65519,8.97423,8.92306,8.71332,8.72813,8.90413,8.83361,8.84913,8.59237,8.79013,8.76727,8.54904,8.62703,8.98606,8.56516
hsa-miR-99b-5p,13.8589,13.8286,13.8982,13.7817,13.6294,13.4667,13.583,13.8871,13.9799,13.8465,13.7949,13.7171,13.6022,13.858,13.7889,13.8129,13.7301,13.7816,13.8494,13.7842,13.7446,13.9165,13.844
